,player_id,player_name,player_hand,player_ht,player_ioc
0,100437,Bjorn Borg,R,180.0,SWE
1,100653,Andres Gomez,L,193.0,ECU
2,100701,Marko Ostoja,R,175.0,CRO
3,100600,Pascal Portes,R,175.0,FRA
4,100372,Trey Waltke,R,173.0,USA
5,100332,Balazs Taroczy,R,183.0,HUN
6,100579,Heinz Gunthardt,R,180.0,SUI
7,100339,Victor Amaya,L,201.0,USA
8,100383,Peter Mcnamara,R,185.0,AUS
9,100368,Haroon Ismail,R,178.0,ZIM
10,100486,Christophe Roger Vasselin,R,188.0,FRA
11,100434,Tomas Smid,R,190.0,CZE
12,100297,Corrado Barazzutti,R,178.0,ITA
13,100253,Tom Gullikson,L,180.0,USA
14,100367,Belus Prajoux,R,170.0,CHI
15,100395,Victor Pecci,R,193.0,PAR
16,100282,Guillermo Vilas,L,180.0,ARG
17,100099,Thomaz Koch,L,,BRA
18,100211,Louk Sanders,R,,NED
19,100376,Buster C Mottram,R,193.0,GBR
20,100422,Bruce Manson,L,173.0,USA
21,100468,Dominique Bedel,R,185.0,FRA
22,100411,Pavel Slozil,R,173.0,CZE
23,100174,Manuel Orantes,L,178.0,ESP
24,100656,Ivan Lendl,R,188.0,USA
25,100498,Klaus Eberhard,R,,GER
26,100261,Brian Gottfried,R,183.0,USA
27,100536,Fernando Luna,R,175.0,ESP
28,100483,Christophe Casa,R,178.0,FRA
29,100585,Van Winitsky,L,185.0,USA
30,100474,Chris Lewis,R,180.0,NZL
31,100286,Harold Solomon,R,168.0,USA
32,100232,Eddie Dibbs,R,170.0,USA
33,100942,Thierry Tulasne,R,178.0,FRA
34,100171,John Yuill,R,,RSA
35,100309,Raul Ramirez,R,183.0,MEX
36,100240,Joao Soares,R,185.0,BRA
37,100403,Rolf Gehring,R,185.0,GER
38,100144,Bob Lutz,R,180.0,USA
39,100417,Hans Gildemeister,R,183.0,CHI
40,100555,Jose Luis Clerc,R,185.0,ARG
41,100676,Yannick Noah,R,193.0,FRA
42,100586,Eliot Teltscher,R,178.0,USA
43,100273,Kim Warwick,R,183.0,AUS
44,100821,Hans Simonsson,R,178.0,SWE
45,100200,Antonio Zugarelli,R,,ITA
46,100271,Jean Francois Caujolle,L,,FRA
47,100284,Jimmy Connors,L,178.0,USA
48,100342,Vitas Gerulaitis,R,183.0,USA
49,100655,Fritz Buehning,R,196.0,USA
50,100113,Jan Kodes,R,175.0,CZE
51,100449,Stanislav Birner,R,170.0,CZE
52,100397,Terry Rocavert,R,180.0,AUS
53,100268,Denis Naegelen,R,,FRA
54,100456,Ferdi Taygan,R,173.0,USA
55,100362,Peter Fleming,R,196.0,USA
56,100280,Wojtek Fibak,R,183.0,POL
57,100252,Tim Gullikson,R,180.0,USA
58,100354,Bernard Mitton,R,188.0,RSA
59,100249,Paolo Bertolucci,R,175.0,ITA
60,100356,Paul Mcnamee,R,178.0,AUS
61,100415,Michael Grant,R,178.0,USA
62,100667,Per Hjertquist,R,183.0,SWE
63,100581,John McEnroe,L,180.0,USA
129,100592,Robert Vant Hof,R,193.0,USA
130,100360,Brian Teacher,R,190.0,USA
132,100229,Dick Stockton,R,188.0,USA
133,100116,Sherwood Stewart,R,188.0,USA
134,100326,Russell Simpson,R,188.0,NZL
135,100436,Nick Saviano,L,180.0,USA
136,100446,John Sadri,R,188.0,USA
139,100135,Onny Parun,R,188.0,NZL
140,100214,Adriano Panatta,R,183.0,ITA
141,100084,Tom Okker,R,178.0,NED
142,100119,Ilie Nastase,R,183.0,ROU
145,100281,Sashi Menon,R,180.0,IND
147,100219,Geoff Masters,R,,AUS
149,100464,Warren Maher,R,,AUS
152,100243,Steve Krulevitz,R,175.0,USA
153,100752,Ramesh Krishnan,R,170.0,IND
154,100532,Johan Kriek,R,175.0,USA
156,100516,Andrew Jarrett,R,,GBR
159,100451,Tony Graham,R,,USA
161,100515,Shlomo Glickstein,R,188.0,ISR
162,100314,Bernard Fritz,R,173.0,FRA
163,100285,Rod Frawley,R,185.0,AUS
164,100713,John Fitzgerald,R,183.0,AUS
165,100259,Peter Feigl,R,183.0,AUT
166,100055,Cliff Drysdale,R,188.0,RSA
167,100551,Brad Drewett,L,185.0,AUS
168,100199,Patrice Dominguez,L,173.0,FRA
169,100091,Colin Dibley,R,188.0,AUS
170,100203,Phil Dent,R,183.0,AUS
171,100529,Kevin Curren,R,185.0,USA
172,100073,Mark Cox,L,185.0,GBR
173,100257,Ross Case,R,,AUS
176,100492,John Austin,R,193.0,USA
178,100126,Stan Smith,R,193.0,USA
179,100315,Hank Pfister,R,193.0,USA
182,100345,Pat Dupre,R,190.0,USA
185,100428,Gene Mayer,R,183.0,USA
186,100255,Roscoe Tanner,L,183.0,USA
255,100639,Blaine Willenborg,R,170.0,USA
256,100631,Tim Wilkison,L,180.0,USA
257,100380,Butch Walts,R,193.0,USA
259,100231,Erik Van Dillen,R,183.0,USA
261,100308,Robert Trogolo,R,180.0,RSA
266,100465,Mike Shore,R,,USA
267,100452,Bill Scanlon,R,185.0,USA
269,100574,Peter Rennert,L,185.0,USA
270,100611,Mel Purcell,R,178.0,USA
274,100450,Leo Palin,R,178.0,FIN
277,100276,Terry Moor,L,178.0,USA
278,100392,Richard Meyer,R,183.0,USA
280,100499,Chris Mayotte,R,186.0,USA
285,100567,Chip Hooper,R,198.0,USA
286,100375,John Hayes,R,193.0,USA
290,100402,Francisco Gonzalez,R,193.0,PAR
293,100905,Sammy Giammalva Jr,R,178.0,USA
294,100535,Tony Giammalva,R,190.0,USA
296,100319,Rick Fagel,R,180.0,USA
299,100753,Juan Carlos Ayala,R,,CHI
300,101061,Jimmy Arias,R,175.0,USA
301,100321,Vijay Amritraj,R,193.0,IND
312,100477,Gianni Ocleppo,R,183.0,ITA
382,100210,Steve Docherty,R,,AUS
387,100364,Jonathan Smith,R,188.0,GBR
390,100272,Sandy Mayer,R,178.0,USA
391,100519,Scott Mccain,R,180.0,USA
398,100413,Ulrich Marten,R,,GER
402,100699,Chris Johnstone,R,175.0,AUS
403,100337,Mark Edmondson,R,185.0,AUS
406,100201,Syd Ball,R,188.0,AUS
407,100182,Mike Estep,R,173.0,USA
445,100652,Cassio Motta,R,180.0,BRA
446,100394,Angel Gimenez,R,163.0,ESP
447,100307,Paul Torre,R,180.0,FRA
449,100453,Jose Luis Damiani,R,185.0,URU
450,100185,Patrick Proisy,R,180.0,FRA
454,100393,Marcos Hocevar,R,185.0,BRA
455,100797,Ben Testerman,L,185.0,USA
457,100481,Roberto Vizcaino,R,178.0,ESP
461,100121,Raymond Moore,R,183.0,RSA
465,100274,Eric Deblicker,R,178.0,FRA
470,100421,Jan Norback,R,,SWE
473,100233,Ricardo Cano,R,170.0,ARG
478,100607,Eduardo Bengoechea,R,185.0,ARG
480,100546,Eric Fromm,R,178.0,USA
481,100461,Billy Martin,R,178.0,USA
482,100525,Gilles Moretton,R,190.0,FRA
484,100526,Ricardo Ycaza,R,183.0,ECU
488,100800,Diego Perez,R,178.0,URU
489,100220,Jiri Hrebec,R,,CZE
490,100115,Jaime Fillol,R,180.0,CHI
493,100292,Alvaro Fillol,R,178.0,CHI
495,100651,Alejandro Ganzabal,R,180.0,ARG
496,100221,Carlos Kirmayr,R,173.0,BRA
502,100431,Mansour Bahrami,R,178.0,IRI
505,100921,Patrice Kuchna,R,178.0,FRA
506,100764,Gabriel Urpi,R,173.0,ESP
571,100472,Craig Wittus,R,180.0,USA
573,101062,Mats Wilander,R,183.0,SWE
584,100173,Andrew Pattison,R,188.0,USA
585,108505,Wayne Pascoe,R,,AUS
586,100893,Joakim Nystrom,R,188.0,SWE
591,100689,Tim Mayotte,R,190.0,USA
594,100343,John Lloyd,R,178.0,GBR
596,100265,Cliff Letcher,R,,AUS
597,100936,Henri Leconte,L,185.0,FRA
598,100346,Paul Kronk,R,,AUS
610,100266,John Feaver,R,190.0,GBR
613,100570,Marty Davis,R,183.0,USA
617,100186,Jeff Borowiak,R,193.0,USA
631,100605,Charlie Fancutt,R,178.0,AUS
701,100471,Mark Vines,L,170.0,USA
704,100489,Larry Stefanki,R,178.0,USA
705,100603,Roland Stadler,A,178.0,SUI
721,100597,Jay Lapidus,L,188.0,USA
724,100236,John James,R,183.0,AUS
732,100440,Eddie Edwards,R,190.0,RSA
735,100517,Matt Doyle,R,193.0,USA
736,100488,Chris Delaney,R,,USA
738,100384,Alejandro Cortes,R,,COL
739,100430,David Carter,R,183.0,AUS
740,100279,Mike Cahill,R,183.0,USA
831,100715,Jim Gurfein,L,175.0,USA
835,100844,Jerome Potier,L,180.0,FRA
838,100445,Steve Denton,R,188.0,USA
840,100244,John Alexander,R,190.0,AUS
847,100962,Thomas Hogstedt,R,190.0,SWE
851,100301,Jim Delaney,R,,USA
855,100359,Richard Lewis,L,,GBR
889,100829,Jan Gunnarsson,R,185.0,SWE
890,101098,Guy Forget,L,190.0,FRA
892,100325,Ulrich Pinner,R,178.0,GER
896,100300,Jose Higueras,R,178.0,ESP
897,100363,Jiri Granat,R,185.0,CZE
898,100661,Damir Keretic,R,178.0,GER
899,100636,Gustavo Tiberti,R,175.0,ARG
901,100543,Peter Elter,R,178.0,GER
905,109771,Jairo Velasco,R,173.0,ESP
906,100565,Lloyd Bourne,R,190.0,USA
907,100719,Juan Avendano,R,178.0,ESP
909,100530,Andreas Maurer,R,175.0,GER
912,100310,Mike Myburg,R,,RSA
926,100799,Carlos Castellan,R,190.0,ARG
928,100759,Danie Visser,L,180.0,RSA
932,100782,Pablo Arraya,R,180.0,PER
934,100993,Loic Courteau,R,175.0,FRA
937,100599,Bernard Boileau,R,185.0,BEL
941,100757,Anders Jarryd,R,180.0,SWE
1015,100738,Schalk Van Der Merwe,R,,RSA
1023,100640,Stefan Simonsson,R,175.0,SWE
1028,100646,Claudio Panatta,R,178.0,ITA
1030,100553,Nduka Odizor,R,183.0,NGR
1043,100540,Drew Gitlin,R,178.0,USA
1051,100649,David Dowlen,R,178.0,USA
1052,100377,Colin Dowdeswell,R,185.0,GBR
1053,100790,Bruce Derlin,L,180.0,NZL
1060,100575,Andy Andrews,R,185.0,USA
1144,100502,Vincent Van Patten,R,180.0,USA
1147,101013,Henrik Sundstrom,R,188.0,SWE
1154,100762,Freddie Sauer,R,,RSA
1162,100475,Matt Mitchell,R,180.0,USA
1168,106706,Cary Leeds,R,,USA
1169,100887,Eric Korita,R,196.0,USA
1172,100765,Rodney Harmon,R,188.0,USA
1177,100763,Brad Gilbert,R,185.0,USA
1181,100635,Mark Dickson,R,190.0,USA
1182,100780,Mike De Palmer,L,185.0,USA
1184,100855,Scott Davis,R,188.0,USA
1186,100537,Mike Brunnberg,R,190.0,USA
1187,101131,Jimmy Brown,R,180.0,USA
1270,100493,Eric Sherbeck,R,193.0,USA
1271,100407,Dale Collings,R,,AUS
1274,100781,Bernhard Pils,R,178.0,AUT
1278,100923,Wally Masur,R,180.0,AUS
1279,107397,John Stoddart,R,,AUS
1286,100550,Brad Guan,R,,AUS
1291,100589,Harald Theissen,R,,GER
1294,107357,Joe Meyers,R,,USA
1298,100815,David Pate,R,183.0,USA
1311,101138,Pat Cash,R,183.0,AUS
1319,100675,John Mccurdy,R,188.0,AUS
1323,100606,Mike Bauer,R,188.0,USA
1327,100353,Bruce Kleege,R,190.0,USA
1381,100857,Sergio Casal,R,185.0,ESP
1382,100769,Mario Martinez,R,170.0,BOL
1384,100910,Magnus Tideman,R,193.0,SWE
1413,100883,Christophe Bernelle,R,185.0,FRA
1417,100390,Trevor Allan,L,178.0,AUS
1423,100578,Brent Pirow,R,,RSA
1424,101109,Tarik Benhabiles,R,175.0,FRA
1426,100848,Alberto Tous,R,175.0,ESP
1492,201470,Tian C Viljoen,R,191.0,RSA
1499,100730,Florin Segarceanu,R,180.0,ROU
1504,100868,Craig A Miller,R,188.0,AUS
1511,100657,Mike Leach,L,180.0,USA
1514,101084,Jakob Hlasek,R,188.0,SUI
1526,101222,Stefan Edberg,R,188.0,SWE
1527,100714,Broderick Dyke,L,183.0,AUS
1536,100998,Stuart Bale,L,185.0,GBR
1540,100518,Ricardo Acuna,R,175.0,CHI
1620,100504,Jerome Vanier,L,175.0,FRA
1622,100624,Derek Tarr,L,185.0,USA
1624,100742,Christo Steyn,R,185.0,RSA
1627,100920,Robert Seguso,R,190.0,USA
1630,100950,Libor Pimek,R,196.0,BEL
1635,100836,Glenn Michibata,R,175.0,CAN
1636,100534,Steve Meister,R,193.0,USA
1641,100625,Scott Lipton,L,,USA
1643,100964,Jon Levine,R,178.0,USA
1644,101381,Aaron Krickstein,R,183.0,USA
1648,100957,Greg Holmes,R,178.0,USA
1663,100562,Tom Cain,R,185.0,USA
1745,101154,Simon Youl,R,185.0,AUS
1754,101256,Mark Kratzmann,L,178.0,AUS
1774,100934,Matt Anger,R,188.0,USA
1786,100926,Ken Flach,R,185.0,USA
1798,100663,Marcel Freeman,R,173.0,USA
1803,100609,Zoltan Kuharszky,R,183.0,HUN
1859,101073,Martin Jaite,R,178.0,ARG
1862,101142,Emilio Sanchez,R,180.0,ESP
1868,100894,Francesco Cancellotti,R,183.0,ITA
1869,100946,Slobodan Zivojinovic,R,198.0,YUG
1870,101120,Karel Novacek,R,190.0,CZE
1874,101020,Hans Schwaier,R,173.0,GER
1875,101158,John Frawley,R,173.0,AUS
1880,100809,Juan Aguilera,R,183.0,ESP
1891,101426,Kent Carlsson,R,180.0,SWE
1892,101113,Michael Westphal,R,190.0,GER
1898,100628,Michiel Schapers,R,201.0,NED
1899,101119,Marian Vajda,R,173.0,SVK
1969,100870,Christo Van Rensburg,R,185.0,RSA
1974,100618,Leif Shiras,R,183.0,USA
1975,100884,Steve Shaw,R,190.0,GBR
1978,100866,Shahar Perkiss,R,193.0,ISR
1987,101036,Miloslav Mecir,R,190.0,SVK
2013,101414,Boris Becker,R,190.0,GER
2015,100901,Paul Annacone,R,185.0,USA
2104,100728,Todd Nelson,R,185.0,USA
2105,100779,Kevin Moir,R,188.0,RSA
2113,101053,Michael Kures,R,185.0,USA
2115,100974,Jeff Klaparda,R,173.0,USA
2119,100660,Bob Green,R,193.0,USA
2130,100744,Peter Doohan,R,190.0,AUS
2136,100956,Simone Colombo,R,180.0,ITA
2137,101340,Ricky Brown,R,178.0,USA
2139,100771,Kelvin Belcher,R,185.0,USA
2230,100638,David Mustard,L,180.0,NZL
2232,100568,John Mattke,R,183.0,USA
2234,100787,Dale Houston,R,188.0,AUS
2247,101190,Darren Cahill,R,185.0,AUS
2249,100835,Hans Dieter Beutel,R,185.0,GER
2266,100740,Dan Cassidy,R,178.0,USA
2319,100776,Tomm Warneke,R,193.0,USA
2322,100833,Marc Flur,R,190.0,USA
2326,101063,Jordi Arrese,R,175.0,ESP
2334,100645,Huub Van Boeckel,R,190.0,NED
2338,100922,Roberto Arguello,A,173.0,ARG
2356,100751,Roberto Saad,R,185.0,ARG
2358,101276,Horacio De La Pena,L,180.0,ARG
2365,101230,Andrei Chesnokov,R,188.0,RUS
2367,100727,Raul Antonio Viver,L,190.0,ECU
2374,100460,Jose Lopez Maeso,R,173.0,ESP
2377,101080,Lawson Duncan,R,185.0,USA
2478,100772,Kelly Evernden,R,175.0,NZL
2497,100617,Bud Schultz,R,193.0,USA
2570,101409,Jaime Yzaga,R,170.0,PER
2571,100864,Martin Wostenholme,R,183.0,CAN
2591,100544,Tony Mmoh,R,178.0,NGR
2592,101066,Richard Matuszewski,R,188.0,USA
2593,101195,Amos Mansdorf,R,175.0,ISR
2594,101106,Peter Lundgren,R,185.0,SWE
2597,101263,Luke Jensen,A,190.0,USA
2601,101026,Jim Grabb,R,193.0,USA
2602,100967,Dan Goldie,R,188.0,USA
2605,100448,Bruce Foxworth,R,180.0,USA
2611,101145,Jonathan Canter,R,185.0,USA
2613,101309,Jay Berger,R,180.0,USA
2700,100871,Laurie Warder,R,183.0,AUS
2716,101185,Mark Woodforde,L,188.0,AUS
2795,101368,Christian Miniussi,R,185.0,ARG
2801,100917,Nelson Aerts,R,188.0,BRA
2805,101324,Ulf Stenlund,R,180.0,SWE
2812,100954,Luiz Mattar,R,183.0,BRA
2814,100990,Milan Srejber,R,203.0,CZE
2820,101404,Thomas Muster,L,180.0,AUT
2822,101117,Eric Jelen,R,180.0,GER
2825,100944,Mikael Pernfors,R,173.0,SWE
2828,101180,Jose Clavet,R,180.0,ESP
2829,108378,Thierry Van Den Daele,R,,FRA
2834,101179,Jean Philippe Fleurian,R,185.0,FRA
2838,101344,Bruno Oresar,R,175.0,CRO
2843,101251,Eric Winogradsky,R,188.0,FRA
2848,101048,Francisco Maciel,R,185.0,MEX
2851,100820,Thierry Pham,R,178.0,FRA
2853,101029,Ricki Osterthun,R,185.0,GER
2923,100966,Nick Fulwood,R,185.0,GBR
2932,101147,Claudio Mezzadri,R,180.0,SUI
2945,100972,Todd Witsken,R,183.0,USA
2961,101298,Jonas Svensson,R,188.0,SWE
2971,101247,Stephen Botfield,R,180.0,GBR
2981,100978,Andrew Castle,R,190.0,GBR
3059,101387,Claudio Pistolesi,R,180.0,ITA
3062,100928,Barry Moir,R,180.0,RSA
3067,101374,Leonardo Lavalle,L,188.0,MEX
3073,100865,Marcelo Ingaramo,L,178.0,ARG
3082,100830,Gary Donnelly,R,190.0,USA
3087,101285,Thierry Champion,R,183.0,FRA
3091,100837,Jeremy Bates,R,180.0,GBR
3177,100935,Michael Robertson,R,185.0,USA
3197,101004,Jim Pugh,R,193.0,USA
3198,101000,Carl Limberger,R,170.0,AUS
3200,101736,Andre Agassi,R,180.0,USA
3203,101511,Horst Skoff,R,175.0,AUT
3206,101377,Christian Bergstrom,R,180.0,SWE
3208,101439,Javier Sanchez,R,178.0,ESP
3209,101058,Francisco Yunis,R,190.0,ARG
3215,101507,Tomas Carbonell,R,178.0,ESP
3217,101284,Lars Anders Wahlgren,R,193.0,SWE
3223,101686,Franco Davin,L,173.0,ARG
3224,101233,Alex Antonitsch,R,188.0,AUT
3235,100696,Mark Buckley,R,178.0,USA
3326,101088,Larry Scott,R,188.0,USA
3335,101196,Derrick Rostagno,R,185.0,USA
3337,101334,Alexander Volkov,L,188.0,RUS
3338,101477,Chris Bailey,R,196.0,GBR
3352,101332,Gilad Bloom,L,173.0,ISR
3353,101050,Martin Laurendeau,R,190.0,CAN
3361,101191,Richey Reneberg,R,180.0,USA
3362,101124,Paolo Cane,R,180.0,ITA
3430,101096,Gary Muller,L,190.0,RSA
3436,101086,Ronald Agenor,R,180.0,USA
3452,101150,Gianluca Pozzi,L,180.0,ITA
3454,102021,Michael Chang,R,175.0,USA
3456,100997,Roger Smith,R,185.0,BAH
3457,100850,Wayne Hearn,R,188.0,USA
3461,100490,Jaroslav Navratil,R,196.0,CZE
3473,101226,Johan Carlsson,R,183.0,SWE
3479,101097,Rick Leach,L,188.0,USA
3554,100761,Danny Saltz,R,193.0,USA
3565,101650,Shane Barr,R,193.0,AUS
3574,101318,Javier Frana,L,185.0,ARG
3576,100913,Peter Carlsson,L,183.0,SWE
3577,101033,John Letts,R,185.0,USA
3612,101242,Brad Pearce,R,175.0,USA
3650,101232,Nicklas Kroon,R,183.0,SWE
3654,100908,Tobias Svantesson,R,193.0,SWE
3677,100807,Marcelo Hennemann,R,170.0,BRA
3679,101434,Petr Korda,L,190.0,CZE
3686,101382,Marcelo Filippini,R,178.0,URU
3698,101320,Magnus Gustafsson,R,185.0,SWE
3701,101238,Andres Vysand,R,180.0,GER
3702,100924,Jorge Lozano,R,180.0,MEX
3703,101012,Massimiliano Narducci,R,185.0,ITA
3705,101649,Guillermo Perez Roldan,R,178.0,ARG
3706,101378,Tore Meinecke,R,180.0,GER
3707,100995,Eduardo Masso,L,178.0,BEL
3708,101234,Patrik Kuhnen,R,190.0,GER
3710,101500,Christian Saceanu,R,190.0,GER
3711,101589,Arnaud Boetsch,R,183.0,FRA
3782,101717,Diego Nargiso,L,188.0,ITA
3789,101055,Heiner Moraing,R,190.0,GER
3796,101249,Andrei Olhovskiy,R,185.0,RUS
3797,101178,Pieter Aldrich,R,180.0,RSA
3798,101126,Chris Pridham,R,183.0,CAN
3799,101274,Udo Riglewski,R,185.0,GER
3802,101143,Branislav Stankovic,R,175.0,SVK
3809,101727,Jason Stoltenberg,R,185.0,AUS
3833,101014,John Ross,R,185.0,USA
3837,101035,Menno Oosting,R,180.0,NED
3915,101932,Jared Palmer,R,190.0,USA
3932,101205,Grant Connell,L,185.0,CAN
3938,100931,Andrew Burrow,R,178.0,RSA
3944,101412,Shuzo Matsuoka,R,185.0,JPN
3964,101793,Jim Courier,R,185.0,USA
4033,101735,Richard Fromberg,R,196.0,AUS
4036,101133,Patrick Baur,R,188.0,GER
4058,101580,Roger Rasheed,R,183.0,AUS
4065,100810,Paul Chamberlin,R,178.0,USA
4080,101391,Carl Uwe Steeb,L,180.0,GER
4087,100939,Joey Rive,L,185.0,USA
4089,101889,Todd Woodbridge,R,178.0,AUS
4092,101123,Alexander Mronz,R,188.0,GER
4162,101462,Francisco Roig,R,175.0,ESP
4163,101948,Pete Sampras,R,185.0,USA
4167,101843,Sergi Bruguera,R,188.0,ESP
4170,101609,David Wheaton,R,193.0,USA
4176,101481,Omar Camporese,R,188.0,ITA
4177,101354,Andrew Sznajder,R,175.0,CAN
4192,101264,Michael Tauson,R,193.0,DEN
4193,101235,Paul Haarhuis,R,188.0,NED
4196,101606,Alberto Mancini,R,180.0,ARG
4199,101529,Michael Stich,R,193.0,GER
4200,101964,Goran Ivanisevic,L,193.0,CRO
4203,101809,Nicolas Pereira,R,188.0,VEN
4208,101772,Andrei Cherkasov,R,180.0,RUS
4210,101030,Goran Prpic,R,180.0,CRO
4218,101216,Olli Rahnasto,R,183.0,FIN
4285,100595,Ronnie Bathman,R,183.0,SWE
4312,101783,Mark Petchey,R,183.0,GBR
4322,100747,Glenn Layendecker,L,185.0,USA
4333,101510,Henrik Holm,R,183.0,SWE
4335,101071,Tom Nijssen,R,175.0,NED
4415,101543,Jeff Tarango,L,180.0,USA
4424,101613,Malivai Washington,R,180.0,USA
4433,101214,Bryan Shelton,R,185.0,USA
4439,101067,Philip Johnson,R,173.0,USA
4441,101308,Neil Broad,R,190.0,GBR
4456,100896,Miguel Nido,R,180.0,PUR
4461,101358,Olivier Delaitre,R,170.0,FRA
4469,101440,Mark Koevermans,R,185.0,NED
4540,101421,Veli Paloheimo,R,183.0,FIN
4552,101237,Danilo Marcelino,R,193.0,BRA
4576,101365,Paul Wekesa,R,188.0,KEN
4596,101364,Bret Garnett,R,185.0,USA
4597,101371,Malcolm Allen,R,178.0,USA
4598,101900,Nicklas Kulti,R,190.0,SWE
4700,101393,Jens Woehrmann,R,180.0,GER
4702,101723,Magnus Larsson,R,193.0,SWE
4708,101767,Lars Jonsson,R,188.0,SWE
4709,101924,Stefano Pescosolido,R,185.0,ITA
4723,101398,Neil Borwick,L,193.0,AUS
4726,101022,Kelly Jones,R,185.0,USA
4794,101243,Roberto Azar,L,185.0,ARG
4795,101337,Martin Strelba,R,190.0,CZE
4805,102148,Fabrice Santoro,R,178.0,FRA
4812,101731,Nuno Marques,L,190.0,POR
4813,101971,Johan Anderson,R,183.0,AUS
4817,101820,Marc Rosset,R,201.0,SUI
4821,100711,Pedro Rebolledo,R,170.0,CHI
4825,101429,Stephane Grenier,R,190.0,FRA
4844,102000,Aki Rahunen,R,175.0,FIN
4924,101703,Guillaume Raoux,R,180.0,FRA
4975,101965,Wayne Ferreira,R,185.0,RSA
5056,101407,David Engel,R,180.0,SWE
5072,102235,Tommy Ho,L,183.0,USA
5080,101265,Patrick McEnroe,R,183.0,USA
5088,101750,Cristiano Caratti,R,178.0,ITA
5178,101761,Jaime Oncins,R,196.0,BRA
5182,101642,Bart Wuyts,R,178.0,BEL
5194,101792,Slava Dosedel,R,183.0,CZE
5199,101733,Jan Siemerink,L,183.0,NED
5216,101990,Richard Krajicek,R,196.0,NED
5222,101532,Francisco Clavet,L,183.0,ESP
5231,101797,Jacco Eltingh,R,188.0,NED
5304,102375,Dinu Pescariu,R,185.0,ROU
5312,101774,Todd Martin,R,198.0,USA
5323,101725,Gabriel Markus,R,180.0,ARG
5326,101475,Carlos Costa,R,183.0,ESP
5351,102154,Marcos Ondruska,R,183.0,RSA
5356,101611,Cedric Pioline,R,188.0,FRA
5433,101776,Sandon Stolle,R,193.0,AUS
5436,100768,Nick Brown,R,190.0,GBR
5558,101917,Grant Stafford,R,188.0,RSA
5575,102169,Michael Joyce,R,180.0,USA
5581,101591,Danny Sapsford,R,173.0,GBR
5582,101362,Stephane Simian,L,193.0,FRA
5597,101549,Rodolphe Gilbert,L,183.0,FRA
5694,101482,Markus Zoecke,R,196.0,GER
5708,101914,Lars Koslowski,R,188.0,GER
5731,101432,Dimitri Poliakov,R,183.0,UKR
5743,102358,Thomas Enqvist,R,190.0,SWE
5815,102446,Andrei Medvedev,R,193.0,UKR
5817,101582,Gilbert Schaller,R,180.0,AUT
5825,101504,Laurent Prades,L,183.0,FRA
5826,101945,Thierry Guardiola,R,188.0,FRA
5830,101685,Markus Naewie,R,190.0,GER
5841,101016,Marcos Aurelio Gorriz,L,185.0,ESP
5842,101721,Markus Zillner,L,178.0,GER
5851,102001,German Lopez,R,193.0,ESP
5854,102201,Lionel Roux,R,185.0,FRA
5861,102184,David Prinosil,R,185.0,GER
5865,101552,Xavier Daufresne,R,193.0,BEL
5936,101647,Byron Black,R,175.0,ZIM
5937,101311,Kent Kinnear,R,196.0,USA
5945,101463,Bernd Karbacher,R,185.0,GER
5952,210013,Martin Damm Sr,R,188.0,CZE
5955,101955,Luis Herrera,L,170.0,MEX
5969,101373,Karsten Braasch,L,180.0,GER
5978,101956,Mark Knowles,R,190.0,BAH
5988,101681,Chris Wilkinson,R,180.0,GBR
5989,101835,Arne Thoms,R,188.0,GER
6098,101890,Jonathan Stark,R,188.0,USA
6103,101806,Marc Kevin Goellner,R,196.0,GER
6111,101312,Robbie Weiss,R,183.0,USA
6114,102368,Brian Dunn,R,201.0,USA
6115,101901,Chuck Adams,R,185.0,USA
6200,101593,Chris Garner,R,180.0,USA
6207,102202,Kenneth Carlsen,L,190.0,DEN
6216,101920,Jamie Morgan,R,185.0,AUS
6222,101601,Brett Steven,R,185.0,NZL
6223,101844,Heath Denman,R,183.0,AUS
6226,101360,Mark Keil,R,185.0,USA
6230,101888,Daniel Vacek,R,190.0,CZE
6322,101594,Carsten Arriens,R,193.0,GER
6328,101375,Brian Devening,R,185.0,USA
6330,101897,Fernando Meligeni,L,180.0,BRA
6331,101902,Stephane Huet,L,180.0,FRA
6336,101531,Mario Visconti,R,185.0,ITA
6341,101746,Renzo Furlan,R,175.0,ITA
6349,102238,Alberto Berasategui,R,173.0,ESP
6360,102338,Yevgeny Kafelnikov,R,190.0,RUS
6368,101711,Alex Obrien,R,185.0,USA
6446,102198,Paul Kilderry,R,175.0,AUS
6449,102030,Andrew Foster,R,190.0,GBR
6454,102133,Laurence Tieleman,R,180.0,ITA
6456,102158,Patrick Rafter,R,185.0,AUS
6457,101416,Joao Cunha Silva,R,173.0,POR
6472,102457,Miles Maclagan,R,180.0,GBR
6495,101348,Dave Randall,R,183.0,USA
6504,102205,Sebastien Lareau,R,183.0,CAN
6572,101788,Doug Flach,R,183.0,USA
6589,101430,Sergio Cortes,R,170.0,CHI
6611,102061,Kevin Ullyett,R,178.0,ZIM
6612,102035,Jonas Bjorkman,R,183.0,SWE
6627,101639,Lan Bale,R,175.0,RSA
6707,102029,Filip Dewulf,R,190.0,BEL
6708,102088,Joern Renzenbrink,R,196.0,GER
6710,102006,Brent Larkham,R,178.0,AUS
6718,102247,Andrea Gaudenzi,R,183.0,ITA
6719,101866,David Rikl,L,178.0,CZE
6725,101459,Tomas Nydahl,R,185.0,SWE
6740,101962,Younes El Aynaoui,R,193.0,MAR
6825,102701,Marcelo Rios,L,175.0,CHI
6828,102025,Mikael Tillstrom,R,185.0,SWE
6834,101720,Agustin Garizzio,R,185.0,ARG
6842,102257,Greg Rusedski,L,193.0,GBR
6854,102104,Christian Ruud,R,188.0,NOR
6859,102374,Alex Corretja,R,180.0,ESP
6860,102344,Karol Kucera,R,188.0,SVK
6881,102521,Hendrik Dreekmann,R,188.0,GER
6885,102118,Radomir Vasek,R,188.0,CZE
6960,101833,Michael Tebbutt,L,190.0,AUS
6996,101224,Kenny Thorne,R,188.0,USA
7008,102146,Jordi Burillo,R,188.0,ESP
7013,102223,Karim Alami,R,185.0,MAR
7082,102226,David Witt,R,190.0,USA
7088,102434,Vincent Spadea,R,183.0,USA
7095,101789,Steve Bryan,R,178.0,USA
7113,101704,Ellis Ferreira,L,188.0,RSA
7119,101862,Maurice Ruah,R,178.0,VEN
7131,101659,Jan Apell,L,183.0,SWE
7206,102466,Jan Kroslak,R,188.0,SVK
7210,102110,Daniel Nestor,L,190.0,CAN
7227,102588,Lars Rehmann,R,196.0,GER
7238,102437,Adrian Voinea,R,185.0,ROU
7241,102694,Lars Burgsmuller,R,183.0,GER
7256,102286,Wayne Black,R,170.0,ZIM
7264,101816,Steve Campbell,R,183.0,USA
7267,102259,Jerome Golmard,L,188.0,FRA
7338,102776,Andrew Ilie,R,180.0,AUS
7351,102610,Albert Costa,R,180.0,ESP
7352,101515,Donald Johnson,L,190.0,USA
7360,102539,Bohdan Ulihrach,R,188.0,CZE
7366,101775,Frederik Fetterlein,R,190.0,DEN
7377,102394,Johan Van Herck,R,185.0,BEL
7381,102135,Emilio Benfele Alvarez,R,183.0,ESP
7394,102401,Scott Draper,L,178.0,AUS
7481,101868,Dick Norman,L,203.0,BEL
7493,101597,Louis Gloria,L,175.0,USA
7521,102450,Tim Henman,R,185.0,GBR
7592,102227,Sargis Sargsian,R,180.0,ARM
7613,101929,Joost Winnink,R,180.0,NED
7624,102925,Justin Gimelstob,R,196.0,USA
7635,102024,Hernan Gumy,R,188.0,ARG
7645,101991,Mauricio Hadad,R,170.0,COL
7647,102882,Mark Philippoussis,R,196.0,AUS
7716,102139,Eyal Ran,R,183.0,ISR
7717,101441,Martin Sinner,R,180.0,GER
7730,102563,Thomas Johansson,R,180.0,SWE
7733,102053,Brian Macphie,L,180.0,USA
7742,101821,Peter Tramacchi,R,185.0,AUS
7747,102743,Ben Ellwood,R,178.0,AUS
7847,102644,Franco Squillari,L,183.0,ARG
7853,102796,Magnus Norman,R,188.0,SWE
7857,102162,Chris Woodruff,R,188.0,USA
7866,102339,Kris Goossens,R,180.0,BEL
7868,102456,Felix Mantilla,R,180.0,ESP
7881,102562,Jiri Novak,R,190.0,CZE
7885,102845,Carlos Moya,R,190.0,ESP
7901,102854,Sjeng Schalken,R,193.0,NED
7902,101468,Gerard Solves,R,185.0,FRA
7984,101958,Pierre Bouteyre,R,185.0,FRA
7997,102433,Mose Navarra,L,180.0,ITA
8001,102835,Luke Milligan,R,180.0,GBR
8002,102839,Nicolas Lapentti,R,188.0,ECU
8010,101814,Colin Beecher,R,,GBR
8011,102271,Hicham Arazi,L,175.0,MAR
8023,102491,Alex Radulescu,R,185.0,GER
8028,102524,Neville Godwin,R,173.0,RSA
8100,102650,Roberto Carretero,R,178.0,ESP
8102,101805,David Nainkin,R,183.0,RSA
8104,102363,Filippo Veglio,R,,SUI
8127,102233,Leander Paes,R,178.0,IND
8130,101819,Frederic Vitoux,R,173.0,FRA
8137,102152,Pablo Campana,R,180.0,ECU
8140,102019,Dirk Dier,R,185.0,GER
8225,103103,Dominik Hrbaty,R,183.0,SVK
8241,102856,Gustavo Kuerten,R,190.0,BRA
8250,102533,Jens Knippschild,R,190.0,GER
8280,102615,Dennis Van Scheppingen,R,185.0,NED
8357,102287,Albert Portas,R,188.0,ESP
8361,102887,Ramon Delgado,R,185.0,PAR
8366,102477,Gaston Etlis,R,185.0,ARG
8368,102910,Salvador Navarro,R,180.0,ESP
8373,102167,Juan Albert Viloca Puig,R,185.0,ESP
8375,102765,Nicolas Escude,R,185.0,FRA
8382,101719,Frederic Fontang,R,183.0,FRA
8386,102318,Andrei Pavel,R,183.0,ROU
8394,102869,Galo Blanco,R,173.0,ESP
8408,101473,Jozsef Krocsko,R,180.0,HUN
8485,102770,John Van Lottum,R,185.0,NED
8487,103163,Tommy Haas,R,188.0,GER
8496,103017,Nicolas Kiefer,R,183.0,GER
8501,102419,Christophe Van Garsse,R,185.0,BEL
8504,101997,Marzio Martelli,R,180.0,ITA
8509,103096,Arnaud Clement,R,173.0,FRA
8510,103114,Martin Lee,L,180.0,GBR
8517,102464,Todd Larkham,R,178.0,AUS
8525,102359,Andrew Richardson,L,201.0,GBR
8623,102103,Michael Sell,R,180.0,USA
8664,102269,Jeff Salzenstein,L,185.0,USA
8730,102106,Davide Sanguinetti,R,188.0,ITA
8780,103031,Julian Alonso,R,185.0,ESP
8787,102234,Oliver Gross,R,185.0,GER
8860,102463,Lucas Arnold Ker,R,180.0,ARG
8881,102397,Jose Imaz Ruiz,R,178.0,ESP
8886,101982,Jordi Mas,R,,ESP
8897,102950,Fernando Vicente,R,180.0,ESP
8905,103498,Marat Safin,R,193.0,RUS
8907,102998,Jan Michael Gambill,R,190.0,USA
8909,102369,Julien Boutter,R,190.0,FRA
8919,103151,Mariano Zabaleta,R,183.0,ARG
8988,103206,Sebastien Grosjean,R,175.0,FRA
8996,103110,Daniele Bracciali,R,180.0,ITA
9030,101860,Mark Draper,R,185.0,AUS
9039,103166,Vladimir Voltchkov,R,180.0,BLR
9045,103084,Guillermo Canas,R,185.0,ARG
9111,102834,Paul Goldstein,R,178.0,USA
9114,103758,Taylor Dent,R,188.0,USA
9120,103184,Bob Bryan,L,193.0,USA
9136,101885,Wayne Arthurs,L,190.0,AUS
9152,102306,Michael Kohlmann,R,188.0,GER
9153,103324,Arnaud Di Pasquale,R,185.0,FRA
9159,102939,Jean Baptiste Perlant,R,190.0,FRA
9169,101688,Geoff Grant,R,183.0,USA
9172,102851,Giorgio Galimberti,R,180.0,ITA
9254,102821,Cecil Mamiit,R,173.0,PHI
9260,103720,Lleyton Hewitt,R,180.0,AUS
9280,103264,Mariano Puerta,L,180.0,ARG
9367,101675,Martin Rodriguez,R,178.0,ARG
9374,102860,Agustin Calleri,R,183.0,ARG
9399,103292,Gaston Gaudio,R,175.0,ARG
9400,102905,Stefan Koubek,L,175.0,AUT
9401,101826,Alex Lopez Moron,R,175.0,ESP
9417,103082,Markus Hantschk,R,188.0,GER
9423,103018,Max Mirnyi,R,196.0,BLR
9500,103157,Arvind Parmar,R,193.0,GBR
9508,103387,Paradorn Srichaphan,R,185.0,THA
9513,102987,Andre Sa,R,185.0,BRA
9520,102965,Jamie Delgado,R,178.0,GBR
9525,102455,Lorenzo Manta,R,190.0,SUI
9527,102800,Nenad Zimonjic,R,190.0,SRB
9535,103252,Alberto Martin,R,175.0,ESP
9551,102783,Rainer Schuettler,R,180.0,GER
9624,102966,Fredrik Jonsson,R,193.0,SWE
9637,103193,Peter Wessels,R,196.0,NED
9644,103182,Markus Hipfl,R,178.0,AUT
9655,103344,Ivan Ljubicic,R,193.0,CRO
9669,103598,Xavier Malisse,R,185.0,BEL
9672,102567,George Bastl,R,183.0,SUI
9680,102809,Axel Pretzsch,R,185.0,GER
9747,103181,Jiri Vanek,R,185.0,CZE
9749,103454,Nicolas Massu,R,183.0,CHI
9751,103428,Juan Ignacio Chela,R,190.0,ARG
9755,102722,Attila Savolt,R,183.0,HUN
9773,102607,Juan Balcells,R,190.0,ESP
9778,102243,Marcelo Charpentier,L,180.0,ARG
9782,103909,Guillermo Coria,R,175.0,ARG
9786,102652,Christian Vinck,L,183.0,GER
9790,102768,Federico Browne,R,180.0,ARG
9794,103819,Roger Federer,R,185.0,SUI
9795,101969,Orlin Stanoytchev,R,185.0,BUL
9796,103356,Michel Kratochvil,R,185.0,SUI
9797,102381,Werner Eschauer,R,188.0,AUT
9801,103507,Juan Carlos Ferrero,R,183.0,ESP
9874,103566,Michael Llodra,L,190.0,FRA
9882,103248,Harel Levy,R,185.0,ISR
9889,103694,Olivier Rochus,R,168.0,BEL
9913,103714,Andreas Vinciguerra,L,180.0,SWE
9916,102880,Alexander Popp,R,201.0,GER
9918,103198,Justin Bower,L,190.0,RSA
9925,103294,Christophe Rochus,R,170.0,BEL
10018,103457,Petr Kralert,R,188.0,CZE
10021,102703,Hyung Taik Lee,R,180.0,KOR
10024,103602,Fernando Gonzalez,R,183.0,CHI
10045,102642,Cyril Saulnier,R,190.0,FRA
10132,103171,Raemon Sluiter,R,185.0,NED
10152,102422,Michael Hill,R,188.0,AUS
10154,102872,James Sekulov,R,180.0,AUS
10172,102494,Tomas Behrend,R,193.0,GER
10184,102179,Antony Dupuis,R,185.0,FRA
10258,103188,Michael Russell,R,173.0,USA
10260,103709,Kristian Pless,R,188.0,DEN
10263,103990,Tommy Robredo,R,180.0,ESP
10264,103444,Jean Rene Lisnard,R,173.0,MON
10271,102831,Jacobo Diaz,R,173.0,ESP
10275,104076,Jose Acasuso,R,190.0,ARG
10281,104053,Andy Roddick,R,188.0,USA
10283,103786,Nikolay Davydenko,R,178.0,RUS
10291,102107,Jan Frode Andersen,L,190.0,NOR
10295,102911,Andrei Stoliarov,R,178.0,RUS
10296,103656,Albert Montanes,R,175.0,ESP
10304,102934,Nicolas Coutelot,R,185.0,FRA
10308,103176,David Sanchez,R,183.0,ESP
10315,102231,Alex Calatrava,R,190.0,ESP
10381,102443,Barry Cowan,L,188.0,GBR
10402,102153,German Puentes,R,173.0,ESP
10420,104022,Mikhail Youzhny,R,183.0,RUS
10520,103900,David Nalbandian,R,180.0,ARG
10524,103484,James Blake,R,185.0,USA
10527,103451,Bjorn Phau,R,175.0,GER
10533,102855,Jack Brasington,R,188.0,USA
10564,104068,Robby Ginepri,R,183.0,USA
10685,102730,Ivo Heuberger,R,188.0,SUI
10695,103420,Michal Tabara,R,175.0,CZE
10763,103063,Sebastien De Chaunac,R,183.0,FRA
10778,103852,Feliciano Lopez,L,188.0,ESP
10779,103145,Amir Hadad,R,183.0,ISR
10780,103813,Jarkko Nieminen,L,185.0,FIN
10795,103789,Irakli Labadze,L,188.0,GEO
10803,103908,Paul Henri Mathieu,R,185.0,FRA
10806,102087,Oleg Ogorodov,R,193.0,UZB
10822,103581,Flavio Saretta,R,183.0,BRA
10889,102571,Gregory Carraz,R,190.0,FRA
10890,102382,Julian Knowle,L,188.0,AUT
10897,103319,Jeff Morrison,R,185.0,USA
10902,102788,Jan Vacek,R,198.0,CZE
10903,104339,Mario Ancic,R,196.0,CRO
10909,103285,Radek Stepanek,R,185.0,CZE
10918,102565,Alexander Waske,R,188.0,GER
10921,102143,Nicolas Thomann,R,183.0,FRA
10945,103971,Karol Beck,R,180.0,SVK
11016,103174,Noam Okun,R,185.0,ISR
11020,104417,Robin Soderling,R,193.0,SWE
11024,103888,Mardy Fish,R,188.0,USA
11076,103781,Jurgen Melzer,L,183.0,AUT
11156,103003,Jean Francois Bachelot,R,183.0,FRA
11160,103397,Alexandre Simoni,R,188.0,BRA
11188,103297,Alex Kim,R,175.0,USA
11274,103133,Olivier Mutis,R,175.0,FRA
11298,103047,Julien Varlet,R,180.0,FRA
11299,103812,Victor Hanescu,R,198.0,ROU
11301,103632,Luis Horna,R,180.0,PER
11302,103280,Martin Verkerk,R,196.0,NED
11306,103970,David Ferrer,R,175.0,ESP
11310,104043,Marc Lopez,R,175.0,ESP
11396,103333,Ivo Karlovic,R,208.0,CRO
11397,103385,Paul Baccanello,R,183.0,AUS
11406,104745,Rafael Nadal,L,185.0,ESP
11407,104014,Lee Childs,R,,GBR
11409,103408,Brian Vahaly,R,183.0,USA
11430,102863,Takao Suzuki,R,175.0,JPN
11433,103153,Gilles Elseneer,R,188.0,BEL
11438,103325,Wesley Moodie,R,196.0,RSA
11439,102780,Frederic Niemeyer,R,190.0,CAN
11446,102999,Stefano Galvani,R,178.0,ITA
11541,104607,Tomas Berdych,R,196.0,CZE
11550,104269,Fernando Verdasco,L,188.0,ESP
11563,104098,Dmitry Tursunov,R,185.0,RUS
11655,102957,Vadim Kutsenko,R,180.0,RUS
11663,102512,Joseph Sirianni,R,175.0,AUS
11675,103154,Jaymon Crabb,R,183.0,AUS
11692,103429,Peter Luczak,R,183.0,AUS
11783,103535,Olivier Patience,R,180.0,FRA
11786,103808,Potito Starace,R,188.0,ITA
11791,104268,Alejandro Falla,L,185.0,COL
11794,104214,Igor Andreev,R,185.0,RUS
11796,103898,Julien Benneteau,R,185.0,FRA
11807,103305,Daniel Elsner,R,183.0,GER
11814,104198,Guillermo Garcia Lopez,R,188.0,ESP
11817,104252,Florian Mayer,R,190.0,GER
11823,104338,Juan Monaco,R,185.0,ARG
11825,103592,Jerome Haehnel,R,185.0,FRA
11827,103527,Julien Jeanpierre,R,188.0,FRA
11917,103835,Filippo Volandri,R,183.0,ITA
11925,104229,Yen Hsun Lu,R,180.0,TPE
11926,104026,Joachim Johansson,R,198.0,SWE
11949,103754,Mark Hilton,L,170.0,GBR
11966,103580,Alexander Peya,R,183.0,AUT
12032,104571,Marcos Baghdatis,R,183.0,CYP
12048,104025,Amer Delic,R,196.0,BIH
12065,102538,Tuomas Ketola,R,185.0,FIN
12067,103672,Ricardo Mello,L,175.0,BRA
12076,104259,Philipp Kohlschreiber,R,178.0,GER
12086,104312,Andreas Seppi,R,190.0,ITA
12187,104589,Chris Guccione,L,201.0,AUS
12200,102785,Glenn Weiner,R,188.0,USA
12217,103693,Thierry Ascione,R,188.0,FRA
12219,104379,Todd Reid,R,180.0,AUS
12286,104597,Nicolas Almagro,R,183.0,ESP
12289,104386,Janko Tipsarevic,R,180.0,SRB
12291,103503,Robin Vik,R,183.0,CZE
12295,103169,Oscar Hernandez,R,180.0,ESP
12304,104755,Richard Gasquet,R,185.0,FRA
12307,103722,Florent Serra,R,180.0,FRA
12318,104925,Novak Djokovic,R,188.0,SRB
12330,103401,Jan Hernych,R,190.0,CZE
12331,104160,Lukas Dlouhy,R,185.0,CZE
12342,104019,Kristof Vliegen,R,193.0,BEL
12344,104527,Stan Wawrinka,R,183.0,SUI
12413,104371,Ivo Minar,R,183.0,CZE
12414,103035,Alessio Di Mauro,L,185.0,ITA
12422,102720,Tomas Zib,R,178.0,CZE
12433,103240,Kevin Kim,R,180.0,USA
12437,103821,Danai Udomchoke,R,173.0,THA
12438,104792,Gael Monfils,R,193.0,FRA
12441,103559,David Sherwood,R,193.0,GBR
12453,104918,Andy Murray,R,190.0,GBR
12458,104180,Gilles Muller,L,193.0,LUX
12561,103967,Michael Lammer,R,185.0,SUI
12564,104154,Paul Capdeville,R,190.0,CHI
12594,104548,Brian Baker,R,190.0,USA
12601,104812,Scoville Jenkins,R,188.0,USA
12704,103490,Santiago Ventura,R,183.0,ESP
12708,104035,Bobby Reynolds,R,183.0,USA
12727,103516,Nathan Healey,R,180.0,AUS
12799,102967,Marc Gicquel,R,188.0,FRA
12807,104592,Ilija Bozoljac,R,193.0,SRB
12814,103506,Martin Vassallo Arguello,R,183.0,ARG
12818,105095,Evgeny Korolev,R,185.0,KAZ
12826,104010,Dieter Kindlmann,R,183.0,GER
12834,104871,Jeremy Chardy,R,188.0,FRA
12835,103105,Ruben Ramirez Hidalgo,R,183.0,ESP
12850,104515,Mathieu Montcourt,R,183.0,FRA
12922,103917,Nicolas Mahut,R,190.0,FRA
12925,104171,Richard Bloomfield,R,185.0,GBR
12931,103857,Igor Kunitsyn,R,180.0,RUS
12938,103794,Benjamin Becker,R,178.0,GER
12941,104056,Roko Karanusic,R,183.0,CRO
12950,104499,Jimmy Wang,R,178.0,TPE
12978,103369,Melle Van Gemerden,R,183.0,NED
12982,103470,Robert Kendrick,R,190.0,USA
13052,105023,Sam Querrey,R,198.0,USA
13061,104559,Teymuraz Gabashvili,R,188.0,RUS
13065,104976,Ryan Sweeting,R,196.0,USA
13072,104225,Jan Hajek,R,180.0,CZE
13075,103997,Lukasz Kubot,R,190.0,POL
13084,103999,Thiago Alves,R,178.0,BRA
13092,104468,Gilles Simon,R,183.0,FRA
13093,103843,Marco Chiudinelli,R,185.0,SUI
13195,104081,Boris Pashanski,R,180.0,SRB
13198,104166,Alex Bogomolov Jr,R,178.0,RUS
13204,103487,Federico Luzzi,R,188.0,ITA
13216,103726,Jean Christophe Faurel,R,175.0,FRA
13231,103823,Denis Gremelmayr,L,183.0,GER
13304,104122,Carlos Berlocq,R,183.0,ARG
13310,103077,Konstantinos Economidis,R,188.0,GRE
13323,103868,Ivan Navarro,R,183.0,ESP
13327,104620,Simone Bolelli,R,183.0,ITA
13331,104273,Edouard Roger Vasselin,R,188.0,FRA
13334,104397,Laurent Recouderc,R,178.0,FRA
13339,103701,Diego Hartfield,R,185.0,ARG
13355,103976,Juan Pablo Brzezicki,R,178.0,ARG
13362,105208,Ernests Gulbis,R,190.0,LAT
13363,104262,Flavio Cipolla,R,173.0,ITA
13429,105223,Juan Martin del Potro,R,198.0,ARG
13430,103529,Aisam Ul Haq Qureshi,R,183.0,PAK
13433,103582,Michael Berrer,L,193.0,GER
13458,104542,Jo-Wilfried Tsonga,R,188.0,FRA
13465,104433,Frank Dancevic,R,185.0,CAN
13466,103534,Nicolas Devilder,L,173.0,FRA
13557,103573,Rik De Voest,R,180.0,RSA
13558,104545,John Isner,R,206.0,USA
13561,105385,Donald Young,L,183.0,USA
13580,104332,Philipp Petzschner,R,185.0,GER
13597,104534,Dudi Sela,R,175.0,ISR
13608,104639,Wayne Odesnik,L,180.0,USA
13701,103530,Zack Fleishman,R,188.0,USA
13723,104635,Robert Smeets,L,188.0,AUS
13731,104864,Alex Kuznetsov,R,183.0,USA
13732,104999,Mischa Zverev,L,190.0,GER
13811,103543,David Marrero,R,185.0,ESP
13818,105227,Marin Cilic,R,198.0,CRO
13819,104665,Pablo Andujar,R,180.0,ESP
13827,103675,Diego Junqueira,L,178.0,ARG
13829,103228,Marcos Daniel,R,180.0,BRA
13849,104724,Eduardo Schwank,R,183.0,ARG
13850,104719,Marcel Granollers,R,190.0,ESP
13855,104091,Miguel Angel Lopez Jaen,R,188.0,ESP
13862,103850,Sebastian Decoud,L,178.0,ARG
13866,104216,Maximo Gonzalez,R,175.0,ARG
13962,105064,Thomaz Bellucci,L,188.0,BRA
13963,104217,Simon Stadler,L,183.0,GER
13970,105052,Chris Eaton,R,188.0,GBR
13981,105028,Jesse Levine,L,175.0,CAN
13993,104678,Viktor Troicki,R,193.0,SRB
14064,104281,Ryler Deheart,L,183.0,USA
14072,104327,Steve Darcis,R,178.0,BEL
14077,104979,Andrey Golubev,R,185.0,KAZ
14080,104676,Andreas Beck,L,190.0,GER
14082,105453,Kei Nishikori,R,178.0,JPN
14116,104173,Sam Warburg,R,190.0,USA
14120,104349,Rui Machado,R,178.0,POR
14201,104898,Robin Haase,R,190.0,NED
14211,104797,Denis Istomin,R,188.0,UZB
14216,103553,Alun Jones,R,180.0,AUS
14343,104721,Josselin Ouanna,R,193.0,FRA
14358,104593,Daniel Gimeno Traver,R,185.0,ESP
14363,104660,Sergiy Stakhovsky,R,193.0,UKR
14370,105558,Guillaume Rufin,R,188.0,FRA
14371,104003,Victor Crivoi,R,185.0,ROU
14373,104919,Leonardo Mayer,R,188.0,ARG
14450,104926,Fabio Fognini,R,178.0,ITA
14466,104655,Pablo Cuevas,R,180.0,URU
14490,103752,Simon Greul,R,185.0,GER
14588,104958,Carsten Ball,L,198.0,AUS
14590,104070,Jesse Witten,R,178.0,USA
14592,104500,Somdev Devvarman,R,180.0,IND
14600,104947,Marsel Ilhan,R,190.0,TUR
14608,104547,Horacio Zeballos,L,188.0,ARG
14622,104230,Daniel Koellerer,R,180.0,AUT
14748,106071,Bernard Tomic,R,193.0,AUS
14755,105454,Brydan Klein,R,183.0,AUS
14756,104314,Brian Dabul,L,170.0,ARG
14827,103565,Stephane Robert,R,185.0,FRA
14834,105079,Ivan Sergeyev,R,175.0,UKR
14836,104471,Ivan Dodig,R,183.0,CRO
14839,105011,Illya Marchenko,R,185.0,UKR
14848,105053,Santiago Giraldo,R,188.0,COL
14878,104476,Louk Sorensen,R,175.0,IRL
14879,105099,Antonio Veic,R,180.0,CRO
14887,105041,Lukas Lacko,R,185.0,SVK
14955,104714,Julian Reister,R,188.0,GER
14965,104735,Tobias Kamke,R,180.0,GER
14981,105217,Thiemo De Bakker,R,193.0,NED
14985,104882,Blaz Kavcic,R,188.0,SLO
14987,104813,Grega Zemlja,R,183.0,SLO
14993,105137,Pere Riba,R,183.0,ESP
14997,103393,Yuri Schukin,R,188.0,KAZ
15006,105238,Alexandr Dolgopolov,R,180.0,UKR
15084,105575,Ricardas Berankis,R,175.0,LTU
15093,104978,Daniel Brands,R,196.0,GER
15097,104717,Brendan Evans,R,188.0,USA
15106,104308,Michal Przysiezny,R,185.0,POL
15129,104770,Martin Fischer,R,180.0,AUT
15211,105332,Benoit Paire,R,196.0,FRA
15213,105992,Ryan Harrison,R,183.0,USA
15220,105173,Adrian Mannarino,L,183.0,FRA
15223,104460,Dustin Brown,R,196.0,GER
15240,104731,Kevin Anderson,R,203.0,RSA
15250,105166,Peter Polansky,R,180.0,CAN
15343,105683,Milos Raonic,R,196.0,CAN
15386,105777,Grigor Dimitrov,R,188.0,BUL
15387,104523,Frederico Gil,R,178.0,POR
15474,105077,Albert Ramos,L,188.0,ESP
15481,104890,Andreas Haider Maurer,R,190.0,AUT
15490,104586,Lukas Rosol,R,196.0,CZE
15501,105318,Thomas Schoorel,L,203.0,NED
15506,105270,Maxime Teixeira,R,188.0,FRA
15514,105062,Mikhail Kukushkin,R,183.0,KAZ
15739,104869,Sergei Bubka,R,188.0,UKR
15744,104291,Malek Jaziri,R,185.0,TUN
15746,104297,Rogerio Dutra Silva,R,178.0,BRA
15759,105577,Vasek Pospisil,R,193.0,CAN
15767,106058,Jack Sock,R,185.0,USA
15843,105147,Tatsuma Ito,R,180.0,JPN
15850,105902,James Duckworth,R,183.0,AUS
15867,105051,Matthew Ebden,R,188.0,AUS
15982,105649,Cedrik Marcel Stebe,L,183.0,GER
15985,104494,Adrian Ungur,R,178.0,ROU
15986,105373,Martin Klizan,L,190.0,SVK
15988,105676,David Goffin,R,180.0,BEL
16105,105074,Ruben Bemelmans,L,183.0,BEL
16109,105668,Jerzy Janowicz,R,203.0,POL
16124,105438,Inigo Cervantes Huegun,R,183.0,ESP
16128,104932,Kenny De Schepper,L,203.0,FRA
16133,104424,Go Soeda,R,178.0,JPN
16149,104868,James Ward,R,190.0,GBR
16236,105132,Jurgen Zopp,R,190.0,EST
16248,105065,Tim Smyczek,R,175.0,USA
16263,105614,Bradley Klahn,L,190.0,USA
16264,105449,Steve Johnson,R,188.0,USA
16268,104997,Igor Sijsling,R,190.0,NED
16283,106261,Dennis Novikov,R,193.0,USA
16357,105723,Andrey Kuznetsov,R,185.0,RUS
16362,105138,Roberto Bautista Agut,R,183.0,ESP
16370,105539,Evgeny Donskoy,R,185.0,RUS
16387,104330,Rajeev Ram,R,193.0,USA
16395,105311,Joao Sousa,R,185.0,POR
16407,104804,Amir Weintraub,R,188.0,ISR
16477,105550,Guido Pella,L,185.0,ARG
16478,106298,Lucas Pouille,R,185.0,FRA
16489,105643,Federico Delbonis,L,190.0,ARG
16530,106401,Nick Kyrgios,R,193.0,AUS
16605,105526,Jan Lennard Struff,R,193.0,GER
16625,106045,Denis Kudla,R,180.0,USA
16743,105376,Peter Gojowczyk,R,185.0,GER
16785,105554,Daniel Evans,R,175.0,GBR
16858,106423,Thanasi Kokkinakis,R,196.0,AUS
16863,105583,Dusan Lajovic,R,180.0,SRB
16874,104672,Vincent Millot,L,173.0,FRA
16879,105641,Blaz Rola,L,193.0,SLO
16891,106000,Damir Dzumhur,R,172.0,BIH
16894,106233,Dominic Thiem,R,185.0,AUT
16994,105678,Axel Michon,L,176.0,FRA
17014,104594,Marinko Matosevic,R,194.0,AUS
17017,104873,Aleksandr Nedovyesov,R,193.0,KAZ
17026,105487,Facundo Bagnis,L,183.0,ARG
17030,106043,Diego Schwartzman,R,170.0,ARG
17033,106210,Jiri Vesely,L,198.0,CZE
17034,105292,Alejandro Gonzalez,R,190.0,COL
17133,105047,Tim Puetz,R,185.0,GER
17136,106291,Luke Saville,R,188.0,AUS
17148,105302,Ante Pavic,R,196.0,CRO
17248,105807,Pablo Carreno Busta,R,188.0,ESP
17252,104897,Matthias Bachinger,R,188.0,GER
17266,106432,Borna Coric,R,188.0,CRO
17267,103607,Victor Estrella,R,173.0,DOM
17272,104628,Alexander Kudryavtsev,R,183.0,RUS
17292,103893,Paolo Lorenzi,R,183.0,ITA
17300,105032,Sam Groth,R,193.0,AUS
17382,105657,Marius Copil,R,193.0,ROU
17510,106378,Kyle Edmund,R,188.0,GBR
17517,105063,Andrea Arnaboldi,L,180.0,ITA
17621,105732,Pierre Hugues Herbert,R,188.0,FRA
17632,100644,Alexander Zverev,R,198.0,GER
17639,105357,John Millman,R,183.0,AUS
17641,106281,Liam Broady,L,183.0,GBR
17656,105379,Aljaz Bedene,R,181.0,SLO
17676,105932,Nikoloz Basilashvili,R,185.0,GEO
17776,105936,Filip Krajinovic,R,185.0,SRB
17779,111202,Hyeon Chung,R,188.0,KOR
17787,105572,Austin Krajicek,L,188.0,USA
17791,106415,Yoshihito Nishioka,L,170.0,JPN
17874,111460,Quentin Halys,R,191.0,FRA
17878,105952,Renzo Olivo,R,180.0,ARG
17882,117357,Omar Jasika,L,183.0,AUS
17884,111511,Noah Rubin,R,175.0,USA
17891,105477,Marco Trungelliti,R,178.0,ARG
17903,105806,Mirza Basic,R,188.0,BIH
18034,105413,Andrej Martin,R,180.0,SVK
18045,106361,Adam Pavlasek,R,186.0,CZE
18046,106121,Taro Daniel,R,191.0,JPN
18054,106216,Bjorn Fratangelo,R,183.0,USA
18061,111442,Jordan Thompson,R,183.0,AUS
18062,106288,Mathias Bourgue,R,188.0,FRA
18144,105650,Marcus Willis,L,191.0,GBR
18169,105430,Radu Albot,R,175.0,MDA
18180,105881,Matthew Barton,R,191.0,AUS
18260,124014,Ernesto Escobedo,R,185.0,MEX
18279,105596,Jan Satral,R,188.0,CZE
18300,105561,Alessandro Giannessi,L,183.0,ITA
18303,111575,Karen Khachanov,R,198.0,RUS
18309,111577,Jared Donaldson,R,188.0,USA
18382,126094,Andrey Rublev,R,188.0,RUS
18383,200282,Alex De Minaur,R,183.0,AUS
18388,122330,Alexander Bublik,R,196.0,KAZ
18418,126207,Frances Tiafoe,R,188.0,USA
18434,106225,Andrew Whittington,R,188.0,AUS
18518,106044,Nicolas Kicker,R,178.0,ARG
18530,106329,Thiago Monteiro,L,183.0,BRA
18538,104505,Konstantin Kravchuk,R,190.0,RUS
18566,126127,Benjamin Bonzi,R,185.0,FRA
18568,109303,Stefano Napolitano,R,196.0,ITA
18650,106421,Daniil Medvedev,R,198.0,RUS
18672,124116,Sebastian Ofner,R,191.0,AUT
18693,105216,Yuichi Sugita,R,173.0,JPN
18766,105882,Stefano Travaglia,R,185.0,ITA
18788,104629,Adrian Menendez Maceiras,R,185.0,ESP
18792,126203,Taylor Fritz,R,193.0,USA
18803,105341,Thomas Fabbiano,R,173.0,ITA
18811,133430,Denis Shapovalov,L,185.0,CAN
18816,111815,Cameron Norrie,L,188.0,GBR
18894,134770,Casper Ruud,R,183.0,NOR
18906,111456,Mackenzie Mcdonald,R,178.0,USA
18926,109739,Maximilian Marterer,L,191.0,GER
18927,105815,Tennys Sandgren,R,188.0,USA
18946,105916,Marton Fucsovics,R,188.0,HUN
18950,132283,Lorenzo Sonego,R,191.0,ITA
19033,128034,Hubert Hurkacz,R,196.0,POL
19037,111200,Elias Ymer,R,183.0,SWE
19049,144895,Corentin Moutet,L,178.0,FRA
19053,106065,Marco Cecchinato,R,185.0,ITA
19058,144719,Jaume Munar,R,183.0,ESP
19061,105819,Guido Andreozzi,R,183.0,ARG
19065,126774,Stefanos Tsitsipas,R,193.0,GRE
19066,126610,Matteo Berrettini,R,196.0,ITA
19162,111797,Nicolas Jarry,R,198.0,CHI
19164,110602,Dennis Novak,R,183.0,AUT
19281,106186,Jason Kubler,R,178.0,AUS
19291,106148,Roberto Carballes Baena,R,183.0,ESP
19300,200005,Ugo Humbert,L,188.0,FRA
19320,111513,Laslo Djere,R,188.0,SRB
19402,200615,Alexei Popyrin,R,196.0,AUS
19404,124187,Reilly Opelka,R,211.0,USA
19424,106109,Alex Bolt,L,183.0,AUS
19496,105967,Henri Laaksonen,R,185.0,SUI
19502,125802,Ilya Ivashka,R,193.0,BLR
19526,106099,Salvatore Caruso,R,185.0,ITA
19530,144750,Lloyd Harris,R,193.0,RSA
19537,200611,Elliot Benchetrit,R,193.0,FRA
19538,144707,Mikael Ymer,R,183.0,SWE
19545,126156,Antoine Hoang,R,183.0,FRA
19549,106296,Gregoire Barrere,R,183.0,FRA
19557,106198,Hugo Dellien,R,180.0,BOL
19561,106426,Cristian Garin,R,185.0,CHI
19570,106214,Oscar Otte,R,196.0,GER
19580,106228,Juan Ignacio Londero,R,180.0,ARG
19585,200175,Miomir Kecmanovic,R,183.0,SRB
19586,120424,Yannick Maden,R,185.0,GER
19655,200000,Felix Auger Aliassime,R,193.0,CAN
19709,136440,Dominik Koepfer,L,180.0,GER
19713,126652,Jay Clarke,R,183.0,GBR
19788,202385,Jenson Brooksby,R,188.0,USA
19805,111794,Kamil Majchrzak,R,183.0,POL
19831,106078,Egor Gerasimov,R,196.0,BLR
19922,124079,Pedro Martinez,R,185.0,ESP
19926,126214,Alejandro Tabilo,L,188.0,CHI
19946,206173,Jannik Sinner,R,188.0,ITA
19947,126205,Tommy Paul,R,185.0,USA
19959,111581,Michael Mmoh,R,188.0,USA
19962,200221,Alejandro Davidovich Fokina,R,183.0,ESP
19963,117360,Marc Polmans,R,188.0,AUS
20037,106283,Mitchell Krueger,R,188.0,USA
20041,126952,Soon Woo Kwon,R,180.0,KOR
20045,106218,Marcos Giron,R,180.0,USA
20049,202195,Maxime Cressy,R,198.0,USA
20057,105948,Federico Coria,R,180.0,ARG
20062,206909,Brandon Nakashima,R,185.0,USA
20066,200325,Emil Ruusuvuori,R,188.0,FIN
20076,200670,J J Wolf,R,183.0,USA
20078,106331,Christopher Oconnell,R,183.0,AUS
20093,105613,Norbert Gombos,R,193.0,SVK
20094,111576,Sumit Nagal,R,178.0,IND
20161,123755,Daniel Elahi Galan,R,191.0,COL
20168,105226,Attila Balazs,R,180.0,HUN
20172,127157,Daniel Altmaier,R,191.0,GER
20187,110748,Nikola Milojevic,R,188.0,SRB
20196,200514,Jurij Rodionov,L,191.0,AUT
20197,105841,Lorenzo Giustino,R,183.0,ITA
20201,200384,Hugo Gaston,L,173.0,FRA
20217,200624,Sebastian Korda,R,196.0,USA
20293,207518,Lorenzo Musetti,R,185.0,ITA
20307,126149,Gianluca Mager,R,185.0,ITA
20313,106234,Aslan Karatsev,R,185.0,RUS
20315,207989,Carlos Alcaraz,R,185.0,ESP
20319,126128,Roman Safiullin,R,185.0,RUS
20329,122298,Botic Van De Zandschulp,R,188.0,NED
20340,111505,Enzo Couacaud,R,183.0,FRA
20541,134868,Tallon Griekspoor,R,188.0,NED
20562,208260,Zachary Svajda,R,175.0,USA
20578,126523,Bernabe Zapata Miralles,R,185.0,ESP
20585,126239,Arthur Rinderknech,R,196.0,FRA
20593,144684,Alex Molcan,L,178.0,SVK
20697,124186,Alexandre Muller,R,183.0,FRA
20721,207830,Tomas Machac,R,183.0,CZE
20808,111578,Stefan Kozlov,R,183.0,USA
20813,126846,Aleksandar Vukic,R,188.0,AUS
20824,105870,Yannick Hanfmann,R,193.0,GER
20840,202104,Sebastian Baez,R,170.0,ARG
20930,200116,Camilo Ugo Carabelli,R,,ARG
20931,127339,Borna Gojo,R,196.0,CRO
20961,208029,Holger Rune,R,185.0,DEN
20963,106398,Pedro Cachin,R,185.0,ARG
20967,144645,Zdenek Kolar,R,185.0,CZE
21054,126646,Tim Van Rijthoven,R,188.0,NED
21061,106328,Christian Harrison,R,178.0,USA
21074,126106,Ryan Peniston,U,,GBR
21081,126409,Hugo Grenier,R,196.0,FRA
21085,207733,Jack Draper,L,191.0,GBR
21102,202400,Alastair Gray,R,,GBR
21177,132686,Nuno Borges,R,185.0,POR
21178,200059,Yibing Wu,R,183.0,CHN
21196,207182,Emilio Nava,R,183.0,USA
21199,200587,Brandon Holt,R,,USA
21209,133835,Gijs Brouwer,L,,NED
21213,111153,Christopher Eubanks,R,201.0,USA
21304,207494,Dalibor Svrcina,R,,CZE
21308,209992,Juncheng Shang,L,,CHN
21315,133297,Yosuke Watanuki,R,180.0,JPN
21319,208014,Rinky Hijikata,U,,AUS
21324,144869,Tomas Martin Etcheverry,R,196.0,ARG
21327,106005,Constant Lestienne,R,180.0,FRA
21329,208103,Jiri Lehecka,R,185.0,CZE
21330,202103,Francisco Cerundolo,R,185.0,ARG
21352,210097,Ben Shelton,L,,USA
21431,208286,Matteo Arnaldi,R,183.0,ITA
21434,207686,Alexander Shevchenko,R,,RUS
21447,209414,Luca Van Assche,R,,FRA
21450,122669,Juan Pablo Varillas,R,185.0,PER
21463,144821,Genaro Alberto Olivieri,U,,ARG
21464,131934,Andrea Vavassori,R,193.0,ITA
21473,202058,Thiago Agustin Tirante,R,185.0,ARG
21474,111190,Zhizhen Zhang,R,193.0,CHN
21475,206748,Giulio Zeppieri,L,185.0,ITA
21490,126845,Max Purcell,R,185.0,AUS
21492,205734,Thiago Seyboth Wild,R,185.0,BRA
21565,208502,Dominic Stricker,L,180.0,SUI
21597,208004,Harold Mayot,R,178.0,FRA
21606,144642,Tomas Barrios Vera,R,191.0,CHI
21614,123828,Jan Choinski,R,,GBR
21687,209950,Arthur Fils,R,185.0,FRA
21689,200318,Yu Hsiou Hsu,U,,TPE
21701,200335,Felipe Meligeni Alves,R,185.0,BRA
21704,210506,Alex Michelsen,U,,USA
21720,206681,Fabian Marozsan,R,191.0,HUN
21725,207678,Juan Manuel Cerundolo,L,183.0,ARG
21735,208169,Titouan Droguet,R,,FRA
21736,210150,Jakub Mensik,U,,CZE
2,108377,Thierry Stevaux,R,,BEL
7,100443,Christophe Freyss,L,183.0,FRA
9,100118,Ivan Molina,L,,COL
13,100369,Herve Gauvain,R,180.0,FRA
14,100141,Zeljko Franulovic,R,,CRO
20,100228,Kjell Johansson,R,,SWE
23,100416,Bill Maze,R,,USA
26,100429,Miguel Mir,R,,ESP
28,100331,Jean Louis Haillet,R,,FRA
32,100438,Carlos Gattiker,R,175.0,ARG
40,100197,Alejandro Pierola,R,,CHI
43,100062,Francois Jauffret,R,180.0,FRA
49,100298,George Hardie,L,,USA
52,100215,Fred Mcnair,R,183.0,USA
54,100160,Georges Goven,R,173.0,FRA
55,100289,Byron Bertram,R,,RSA
56,108580,Zoltan Ilin,R,,SRB
58,108434,Tony Parun,R,,NZL
128,100495,Wayne Hampson,R,183.0,AUS
137,100058,Roger Taylor,L,183.0,GBR
145,100287,Robin Drysdale,R,,GBR
159,100506,Howard Schoenfield,R,,USA
160,100382,Chris Kachel,R,,AUS
162,100045,John Paish,L,,GBR
167,100378,David Schneider,R,185.0,USA
168,100401,Sean Sorensen,R,,IRL
169,100163,Tom Leonard,R,175.0,USA
174,100127,Tom Gorman,R,180.0,USA
181,100060,Marty Riessen,R,185.0,USA
190,100148,Ismail El Shafei,R,,EGY
259,100166,Gene Stuart Malin,R,,USA
261,100405,Fernando Maynetto,R,,PER
269,100559,Mike Gandolfo,R,,USA
273,100726,Greg Whitecross,R,185.0,AUS
274,100616,Andy Kohlberg,L,178.0,USA
276,100410,Tim Garcia,R,,USA
293,100238,Rick Fisher,R,,USA
301,109871,Harry Fritz,R,,CAN
302,100391,Larry Davidson,R,,USA
304,100608,John Benson,R,,USA
309,100704,Billy Nealon,L,178.0,USA
317,100336,Guillermo Aubone,L,,ARG
411,107398,John Trickey,R,,AUS
445,100598,Wolfgang Popp,R,183.0,GER
454,107298,Javier Restrepo,R,,COL
455,100177,Pavel Hutka,R,,CZE
463,108481,Vittorio Magnelli,R,,ITA
467,100412,Bruce Nichols,R,,USA
471,100630,Gustavo Guerrero,L,180.0,ARG
493,107000,Fernando Dalla Fontana,R,,ARG
497,100615,Gianluca Rinaldini,R,,ITA
504,100463,Ben Mckown,R,,USA
589,100573,Ron Hightower,R,185.0,USA
595,100522,Chris Dunk,R,193.0,USA
604,100899,Jorgen Windahl,R,183.0,SWE
614,100241,Joel Bailey,R,,USA
620,100349,Glen Holroyd,R,,USA
714,100682,Ernie Fernandez,R,190.0,PUR
716,100596,Bill Cowan,R,,CAN
717,100672,Derek Segal,R,178.0,RSA
731,100358,Mike Fishbach,R,180.0,USA
733,100789,Ivan Dupasquier,R,,SUI
753,100379,Craig Edwards,R,175.0,USA
760,100497,Markus Gunthardt,R,178.0,SUI
761,100447,Juan Nunez,R,190.0,CHI
835,100749,Dave Siegler,R,,USA
899,100496,Charles Buzz Strode,R,183.0,USA
906,110788,Jose Garcia Requena,U,,ESP
912,100538,Alejandro Gattiker,R,180.0,ARG
913,100398,Julio Goes,R,180.0,BRA
931,100622,Patrizio Parrini,R,,ITA
935,100620,Eduardo Osta,L,160.0,ESP
936,100523,Erick Iskersky,R,180.0,USA
1016,100722,Michael Fancutt,R,190.0,AUS
1059,100328,Rand Evett,R,,USA
1147,100702,Sean Brawley,R,178.0,USA
1173,100588,Pender Murphy,R,,USA
1185,100557,Jai Dilouie,R,,USA
1187,100223,Jeff Simpson,R,,NZL
1193,100604,Egan Adams,R,178.0,USA
1270,100520,Juan Farrow,R,180.0,USA
1279,108512,Wes Horskins,R,,AUS
1281,107495,Ken Barton,R,,AUS
1287,100812,Gerald Mild,R,,AUT
1288,100849,David Graham,R,180.0,AUS
1297,101057,Peter Carter,R,180.0,AUS
1299,100439,Mike Barr,R,,USA
1310,100681,Morris Skip Strode,R,193.0,USA
1312,107168,Hans Hansson,R,,AUS
1314,100680,Peter Johnston,L,178.0,AUS
1317,100571,Mark Freedman,R,,USA
1329,107271,Jamie Harty,R,,AUS
1373,106615,Bernard Balleret,R,,MON
1383,100179,Karl Meiler,R,178.0,GER
1402,100246,Frank Puncec,R,,RSA
1408,100723,Jacques Hervet,R,,FRA
1416,101394,Francois Errard,R,180.0,FRA
1422,107944,Paul Groth,R,,USA
1426,100323,Givaldo Barbosa,R,183.0,BRA
1515,100673,Robbie Venter,L,180.0,RSA
1520,100674,Jeff Turpin,R,188.0,USA
1523,100527,Chris Bradnam,R,,GBR
1629,100528,Randy Druz,R,,USA
1752,101094,Eduardo Oncins,R,,BRA
1771,101366,David Macpherson,L,175.0,AUS
1967,100669,Charles Bud Cox,R,196.0,USA
2227,106783,Corey Wittenberg,R,,USA
2233,100556,Brian Levine,R,183.0,RSA
2237,100798,Howard Sands,R,173.0,USA
2251,100703,Randy Nixon,R,193.0,USA
2327,100907,Luca Bottazzi,R,170.0,ITA
2344,100548,Ivan Kley,R,183.0,BRA
2364,100986,Dacio Campos,R,185.0,BRA
2448,100854,Leighton Alfred,L,180.0,GBR
2500,101325,Jason Goodall,R,178.0,GBR
2610,100796,Ahmed El Mehelmy,R,183.0,EGY
2619,101031,Massimo Cierro,R,173.0,ITA
2703,100793,Stephane Bonneau,R,188.0,CAN
2718,200630,Alexander Zverev Sr,R,185.0,RUS
2726,100840,Mark Wooldridge,R,188.0,USA
2747,100988,Peter Thrupp,R,183.0,AUS
2802,100941,Alex Stepanek,R,180.0,GER
2817,100970,Stefan Eriksson,R,193.0,SWE
2827,101006,Bruno Dadillon,R,175.0,FRA
2834,100664,Stephan Medem,L,185.0,SUI
2840,101110,David De Miguel,R,175.0,ESP
2844,101074,Carlos Di Laura,L,175.0,PER
2926,101461,Brett Custer,R,183.0,AUS
2932,108831,Michael Walker,U,,HKG
2951,100602,Vallis Wilder,R,190.0,USA
3061,101003,Ricardo Acioly,R,180.0,BRA
3076,100945,Craig Campbell,R,190.0,RSA
3097,101550,Al Parker,R,188.0,USA
3183,100930,Paul Vojtischek,R,188.0,GER
3214,101112,Michele Fioroni,R,180.0,ITA
3223,101043,Johan Vekemans,R,185.0,NED
3341,101186,Desmond Tyson,R,185.0,AUS
3455,101281,Shelby Cannon,L,180.0,USA
3460,108008,Phillip Williamson,R,,USA
3472,101198,Steve Kennedy,R,183.0,USA
3561,101144,Anthony Lane,R,183.0,AUS
3562,100587,Steve Guy,R,188.0,NZL
3570,101259,Mike Baroch,R,,AUS
3572,100982,Charlton Eagle,R,180.0,AUS
3600,100838,Steve Wood,R,,AUS
3649,101279,Philippe Pech,L,180.0,FRA
3650,100955,Yahiya Doumbia,R,185.0,SEN
3696,100900,Josef Cihak,R,185.0,CZE
3776,101019,David Felgate,R,180.0,GBR
3798,101159,Gustav Fichardt,R,185.0,RSA
3806,101040,Peter Lindgren,R,175.0,SWE
3831,101339,Agustin Moreno,R,180.0,MEX
3834,101355,Richard Whichello,L,185.0,GBR
3920,101278,Scott Melville,R,188.0,USA
3931,101406,Wojtek Kowalski,R,183.0,POL
4030,101637,Brian Roe,L,193.0,AUS
4035,100876,Bong Soo Kim,R,180.0,KOR
4057,100691,Ivo Werner,R,180.0,GER
4065,101502,Torben Theine,L,183.0,GER
4069,100959,Chris Kennedy,R,185.0,USA
4073,101676,Adam Anderson,R,180.0,AUS
4078,101108,Richard Schmidt,R,185.0,USA
4079,101556,Carl Turich,R,,AUS
4080,100880,Russell Barlow,L,173.0,AUS
4197,101059,Richard Vogel,R,193.0,CZE
4210,101419,Frank Dennhardt,L,188.0,GER
4295,101680,Zeeshan Ali,R,180.0,IND
4299,101215,Scott Warner,R,196.0,USA
4321,101730,Piet Norval,R,185.0,RSA
4330,101155,James Turner,R,180.0,GBR
4424,101423,John Boytim,R,175.0,USA
4435,101503,Donni Leaycraft,R,180.0,USA
4539,101068,Byron Talbot,R,183.0,RSA
4548,107221,Ian Peter Budge,R,,AUS
4550,101083,Tom Mercer,R,185.0,USA
4551,101327,Cyril Suk,R,180.0,CZE
4565,101881,Oliver Fuchs,R,180.0,AUT
4572,101107,Charles Merzbacher,R,185.0,USA
4574,107388,John Marinov,R,,AUS
4590,100802,Charles Honey,R,185.0,RSA
4596,108565,Young Min Kwon,R,,KOR
4667,101895,Michael Brown B395,R,175.0,AUS
4684,101787,Darren Patten,R,188.0,AUS
4703,101460,Jose Francisco Altur,L,190.0,ESP
4722,101534,Libor Nemecek,R,168.0,CZE
4799,101338,Olivier Soules,R,188.0,FRA
4848,101165,Mario Tabares,R,180.0,CUB
4927,101422,Mark Kaplan,R,185.0,RSA
4931,101469,Brian Garrow,R,173.0,USA
4964,101217,Andreas Lesch,L,196.0,GER
4979,108043,Ralph Kok,R,,NED
5053,101710,Martin Blackman,R,188.0,USA
5056,101417,Mario Rincon,R,,COL
5059,102132,Ivan Baron,R,185.0,USA
5090,106874,Dick Bosse,R,,RSA
5178,107375,John Arbanas,R,,AUS
5304,101912,Felipe Rivera,R,183.0,CHI
5306,102031,Sandor Noszaly,R,193.0,HUN
5334,101321,Juan Carlos Baguena,R,183.0,ESP
5448,101174,Fernando Roese,R,190.0,BRA
5483,101490,Daniel Orsanic,L,183.0,ARG
5560,101660,Francisco Montana,R,183.0,USA
5575,101248,Pat Crow,R,188.0,USA
5589,102055,Bertrand Madsen,R,,HAI
5705,101857,Jason Cask,R,178.0,AUS
5716,102304,Grant Doyle,R,180.0,AUS
5974,102187,John Laffnie De Jager,R,193.0,RSA
6063,101341,Pablo Albano,R,178.0,ARG
6078,101687,David Dilucia,R,173.0,USA
6106,101780,Alejo Mancisidor,R,183.0,ESP
6211,106539,Andrew Mclean,R,,AUS
6250,101771,Ashley Naumann,R,,AUS
6321,101574,Alejandro Aramburu,R,175.0,PER
6330,101383,Stephane Sansoni,R,180.0,FRA
6457,101751,Ross Matheson,R,196.0,GBR
6484,101864,Fernon Wibier,R,188.0,NED
6492,101260,Sean Cole,R,,GBR
6498,100770,Peter Moraing,R,193.0,GER
6505,100773,Brian Joelson,R,183.0,USA
6629,101369,Bent Ove Pedersen,R,185.0,NOR
6697,102215,Joshua Eagle,R,183.0,AUS
6710,101576,Ryuso Tsujino,R,,JPN
6725,101983,Andrew Kratzmann,R,193.0,AUS
6733,101317,John Sullivan,R,188.0,USA
6753,101231,Ryan Blake,R,,USA
6756,101957,Milen Velev,R,,BUL
6837,101977,Patricio Arnold,R,183.0,ARG
6853,101353,Lionel Barthez,R,180.0,FRA
6961,102083,Nick Gould,R,,GBR
7088,102018,Tamer El Sawy,R,188.0,EGY
7089,102076,Mark Merklein,R,188.0,BAH
7103,101865,Albert Chang,R,183.0,CAN
7114,101959,Robert Eriksson,R,,SWE
7117,101636,Wade Mcguire,R,188.0,USA
7118,102113,Daniele Musa,R,183.0,ITA
7261,102010,Clinton Marsh,R,188.0,RSA
7349,101600,Daniel Courcol,R,190.0,FRA
7365,102351,Oscar Martinez,R,185.0,ESP
7459,102624,Andrew Painter,R,188.0,AUS
7515,101669,Gary Henderson,R,,GBR
7518,102903,Eyal Erlich,R,183.0,ISR
7600,102405,Mahesh Bhupathi,R,185.0,IND
7615,102081,Brett Hansen Dent,R,183.0,USA
7629,102795,Scott Humphries,R,185.0,USA
7717,102862,Allen Belobrajdic,R,175.0,AUS
7754,102220,Patrik Fredriksson,R,185.0,SWE
7767,101682,David Adams,R,188.0,RSA
7876,102617,Kim Tiilikainen,R,180.0,FIN
7980,101608,Tom Kempers,R,188.0,NED
8094,102655,Jimy Szymanski,R,175.0,VEN
8116,102410,David Caldwell,R,180.0,USA
8121,101745,Roberto Jabali,R,190.0,BRA
8142,102881,David Skoch,R,183.0,CZE
8273,101871,Alexander Reichel,R,193.0,USA
8274,102842,Toby Mitchell,R,,AUS
8283,102629,Oscar Burrieza,R,170.0,ESP
8352,101926,Andrei Merinov,L,183.0,RUS
8366,102753,Wolfgang Schranz,R,178.0,AUT
8399,102224,Miguel Pastura,R,,ARG
8480,101567,Hendrik Jan Davids,L,183.0,NED
8491,102548,Juan Antonio Marin,R,175.0,CRC
8501,102256,Nick Weal,R,,GBR
8522,102472,Marcello Craca,R,180.0,GER
8525,102818,Sergi Duran,R,,ESP
8632,103405,Rodolfo Rake,R,,PER
8657,102875,Luke Smith,R,188.0,AUS
8758,103179,Jurek Stasiak,R,,AUS
8904,102180,Charles Auffray,R,183.0,FRA
9112,108994,Andrew Park,R,,USA
9129,102669,Noam Behr,L,188.0,ISR
9135,102263,Yong Il Yoon,R,175.0,KOR
9237,103202,Oscar Serrano,R,173.0,ESP
9280,102519,Marcio Carlsson,R,175.0,BRA
9297,102817,Edwin Kempes,R,188.0,NED
9298,102023,Petr Luxa,R,190.0,CZE
9373,103009,Razvan Sabau,R,185.0,ROU
9385,102554,Diego Moyano,R,175.0,ARG
9420,102168,Hector Moretti,R,170.0,ARG
9514,103060,Alejandro Hernandez,R,180.0,MEX
9525,102883,Tom Spinks,R,,GBR
9533,101947,Vincenzo Santopadre,L,183.0,ITA
9647,102395,Ville Liukko,R,173.0,FIN
9657,103894,Phillip King,R,175.0,USA
9671,102497,Mashiska Washington,R,180.0,USA
9799,103799,Eric Prodon,R,178.0,FRA
9922,102572,Igor Gaudi,R,188.0,ITA
9929,103162,Dejan Petrovic,R,,SRB
10003,102735,Cedric Kauffmann,R,,FRA
10153,102300,Gouichi Motomura,R,173.0,JPN
10186,103250,Rodolphe Cadart,L,183.0,FRA
10395,103497,Artem Derepasko,R,,RUS
10512,103834,Levar Harper Griffith,R,,USA
10514,103204,Hugo Armando,R,183.0,USA
10550,102558,Eric Taino,L,175.0,PHI
10570,103185,Mike Bryan,R,190.0,USA
10660,103281,Ladislav Svarc,R,188.0,SVK
10668,102805,Matthew Breen,R,,AUS
10687,102751,Todd Perry,R,175.0,AUS
10688,102921,Ota Fukarek,R,190.0,CZE
10764,103525,Ivan Miranda,R,175.0,PER
10778,103837,Didac Perez,R,178.0,ESP
10820,103737,Edgardo Massa,R,180.0,ARG
10822,103594,Oliver Marach,R,185.0,AUT
10891,103820,Alan Mackin,R,183.0,GBR
10892,103700,Juan Pablo Guzman,L,178.0,ARG
10895,104372,Alex Bogdanovic,L,183.0,GBR
10937,103350,Denis Golovanov,L,188.0,RUS
11017,103986,Radoslav Lukaev,R,,BUL
11052,102630,Slimane Saoudi,L,,ALG
11056,104250,Prakash Amritraj,R,188.0,IND
11059,103663,Matias Boeker,R,,USA
11064,103104,Bjorn Rehnquist,R,175.0,SWE
11272,104117,Giovanni Lapentti,R,193.0,ECU
11277,103373,Sergio Roitman,R,185.0,ARG
11302,103318,Zeljko Krajan,R,178.0,CRO
11307,103052,Mariano Delfino,R,183.0,ARG
11322,102997,Hermes Gamonal,R,180.0,CHI
11455,103455,Michal Mertinak,R,180.0,SVK
11537,103948,Maximilian Abel,R,,GER
11545,104508,Robert Yim,L,,USA
11679,104444,Ryan Henry,R,183.0,AUS
11946,103730,Jonathan Marray,R,183.0,GBR
11963,103544,Andy Ram,R,180.0,ISR
12092,103560,Kj Hippensteel,L,190.0,USA
12324,104182,Sasa Tuksar,R,180.0,CRO
12343,103626,Tomas Tenconi,R,178.0,ITA
12414,104623,Josh Goodall,R,188.0,GBR
12430,103201,Adrian Garcia,R,175.0,CHI
12436,104121,Tobias Summerer,R,185.0,GER
12700,104115,Marc Kimmich,R,183.0,AUS
12855,103395,Julio Silva,R,173.0,BRA
12942,103684,Benedikt Dorsch,R,178.0,GER
12981,104779,Jamie Baker,R,183.0,GBR
13091,104732,Phillip Simmonds,R,,USA
13176,103623,Jacob Adaktusson,R,193.0,SWE
13184,103520,Pavel Snobel,L,190.0,CZE
13311,102811,Dusan Vemic,R,190.0,SRB
13318,105098,Alexandre Sidorenko,R,185.0,FRA
13335,105559,Jonathan Eysseric,L,180.0,FRA
13588,104179,Bruno Echagaray,R,183.0,MEX
13607,105404,Michael Mcclune,R,188.0,USA
13609,103747,Dominik Meffert,R,198.0,GER
13688,104001,Brian Wilson,R,190.0,USA
13835,104619,Jesse Huta Galung,R,188.0,NED
13973,104292,Izak Van Der Merwe,R,196.0,RSA
13987,104140,Dawid Olejniczak,R,,POL
14070,103748,Jan Minar,R,,CZE
14092,104219,Stephane Bohli,R,185.0,SUI
14222,105194,Nick Lindahl,R,183.0,AUS
14232,103763,Martin Slanar,R,,AUT
14336,104392,Franco Ferreiro,R,188.0,BRA
14365,104579,Romain Jouan,R,183.0,FRA
14461,104644,Riccardo Ghedin,R,188.0,ITA
14484,104305,Luka Gregorc,R,,SLO
14486,104136,Santiago Gonzalez,R,190.0,MEX
14490,103676,Michael Yani,R,185.0,USA
14571,105730,Devin Britton,R,193.0,USA
14603,105783,Chase Buchanan,R,193.0,USA
14716,104456,Colin Ebelthite,R,,AUS
14745,103521,Andrea Stoppini,R,190.0,ITA
14747,104467,Lamine Ouahab,R,185.0,ALG
14829,104550,Ricardo Hocevar,R,180.0,BRA
14882,104095,David Guez,R,185.0,FRA
14975,104477,Jorge Aguilar,R,178.0,CHI
15015,105917,Gianni Mina,R,185.0,FRA
15123,104739,Guillermo Alcaide,R,188.0,ESP
15252,105116,Dusan Lojda,L,188.0,CZE
15365,104192,Marco Crugnola,R,188.0,ITA
15474,105894,Javier Marti,R,,ESP
15500,104227,Augustin Gensse,R,180.0,FRA
15605,105638,Daniel Cox,R,170.0,GBR
15617,103708,Jaroslav Pospisil,R,176.0,CZE
15633,103851,Conor Niland,R,185.0,IRL
15736,104850,Jonathan Dasnieres De Veigy,L,175.0,FRA
15748,105154,Joao Souza,R,193.0,BRA
15776,104857,Robert Farah,R,193.0,COL
15842,104970,Matteo Viola,R,188.0,ITA
15881,105286,Greg Jones,R,190.0,AUS
15892,104233,Frederik Nielsen,R,190.0,DEN
15897,106093,Benjamin Mitchell,R,183.0,AUS
15995,103926,Daniel Munoz de la Nava,L,178.0,ESP
16121,106244,Oliver Golding,R,188.0,GBR
16223,104893,Maxime Authom,R,,BEL
16239,105655,Hiroki Moriya,R,170.0,JPN
16274,105733,Rhyne Williams,R,185.0,USA
16351,104516,Arnau Brugues Davi,L,183.0,ESP
16395,105441,John Patrick Smith,L,188.0,AUS
16402,105842,Di Wu,R,175.0,CHN
16514,104651,Martin Alund,R,183.0,ARG
16622,105671,Gastao Elias,R,178.0,POR
16645,105591,Matt Reid,R,183.0,AUS
16655,104226,Bastian Knittel,L,180.0,GER
16763,105874,Albano Olivetti,R,203.0,FRA
16789,123768,Collin Altamirano,R,188.0,USA
16885,105585,Ze Zhang,R,188.0,CHN
16989,106362,Laurent Lokoli,R,188.0,FRA
17025,106032,Facundo Arguello,R,178.0,ARG
17045,105080,Miloslav Mecir Jr,R,190.0,SVK
17150,105651,Daniel Smethurst,U,188.0,GBR
17247,104945,James Mcgee,R,183.0,IRL
17288,104944,Niels Desein,R,190.0,BEL
17413,106026,Yuki Bhambri,R,183.0,IND
17495,104563,Luca Vanni,R,198.0,ITA
17496,105325,Germain Gigounon,R,,BEL
17518,111506,Maxime Hamou,R,185.0,FRA
17532,105872,Christian Lindell,R,193.0,SWE
17545,106293,Kimmer Coppejans,R,180.0,BEL
17774,126152,Ryan Shane,U,193.0,USA
17891,106075,Jozef Kovalik,R,183.0,SVK
18002,105589,Gerald Melzer,L,188.0,AUT
18062,105515,Jordi Samper Montana,U,,ESP
18135,105528,Alexander Ward,R,185.0,GBR
18178,106137,Tristan Lamasine,R,183.0,FRA
18187,105015,Franko Skugor,R,193.0,CRO
18255,105031,Saketh Myneni,R,193.0,IND
18275,106105,Guilherme Clezar,R,183.0,BRA
18440,106425,Blake Mott,U,180.0,AUS
18528,105963,Arthur De Greef,R,183.0,BEL
18764,144972,Geoffrey Blancaneaux,R,180.0,FRA
18777,106324,Vaclav Safranek,R,185.0,CZE
18788,200516,Patrick Kypson,R,188.0,USA
18798,111515,Thai Son Kwiatkowski,R,188.0,USA
18806,111574,Jc Aragone,R,178.0,USA
18809,105985,Darian King,R,188.0,BAR
18817,105960,Evan King,L,185.0,USA
18912,110536,Kevin King,U,190.0,USA
19024,123921,Calvin Hemery,R,188.0,FRA
19063,105633,Mohamed Safwat,R,183.0,EGY
19065,126535,Carlos Taberner,R,183.0,ESP
19068,126125,Maxime Janvier,R,193.0,FRA
19193,105359,Jason Jung,R,178.0,TPE
19309,105943,Federico Gaio,R,180.0,ITA
19433,200484,Rudolf Molleker,R,185.0,GER
19442,105163,Gleb Sakharov,R,185.0,FRA
19443,105432,Prajnesh Gunneswaran,L,188.0,IND
19448,104810,Zhe Li,R,185.0,CHN
19490,105155,Pedro Sousa,R,180.0,POR
19582,106072,Alexey Vatutin,R,178.0,RUS
19688,106034,Yasutaka Uchiyama,R,183.0,JPN
19692,206703,Paul Jubb,R,180.0,GBR
19708,111790,Brayden Schnur,R,193.0,CAN
19912,106408,Mario Vilella Martinez,R,178.0,ESP
19937,106302,Andrew Harris,R,183.0,AUS
20055,200265,Ulises Blanch,R,188.0,USA
20192,105877,Emilio Gomez,R,185.0,ECU
20221,105731,Steven Diez,R,180.0,CAN
20327,209070,Arthur Cazaux,R,183.0,FRA
20442,109054,Daniel Masur,R,183.0,GER
20593,117356,Cem Ilkel,R,185.0,TUR
20596,200589,Sam Riffice,U,188.0,USA
20685,106393,Frederico Ferreira Silva,L,178.0,POR
20701,111454,Li Tu,R,180.0,AUS
20708,111453,Mikael Torpegaard,R,193.0,DEN
20796,202358,Chun Hsin Tseng,R,175.0,TPE
20844,207608,Timofey Skatov,R,173.0,RUS
20933,200303,Pavel Kotov,R,191.0,RUS
20944,144973,Santiago Fa Rodriguez Taverna,R,,ARG
20945,131905,Manuel Guinard,U,,FRA
20974,106162,Franco Agamenone,L,,ITA
21081,144817,Marc Andrea Huesler,L,196.0,SUI
21085,200267,Zizou Bergs,R,185.0,BEL
21086,127760,Lukas Klein,R,193.0,SVK
21089,200095,Nicola Kuhn,R,185.0,ESP
21095,106310,Alexander Ritschard,R,,SUI
21235,210530,Learner Tien,U,,USA
21343,208233,Mattia Bellucci,L,,ITA
21354,208071,Oleksii Krutykh,R,,UKR
21429,207925,Flavio Cobolli,R,,ITA
21438,207680,Facundo Diaz Acosta,L,183.0,ARG
21443,124013,Eduardo Nava,R,,USA
21445,206499,Aleksandar Kovacevic,U,,USA
21463,208659,Giovanni Mpetshi Perricard,R,,FRA
21471,209098,Hamad Medjedovic,R,185.0,SRB
21567,200647,Sho Shimabukuro,U,,JPN
21571,207785,George Loffhagen,R,,GBR
21572,209259,Arthur Fery,R,,GBR
21579,208278,Shintaro Mochizuki,R,,JPN
21695,202261,Otto Virtanen,R,191.0,FIN
21697,134457,Nicolas Moreno De Alboran,R,,USA
21745,210319,Ethan Quinn,U,,USA
